story_name,relative_path,culture,language,summary
CH_002_牛郎织女,synthetic_datasets/generated_stories/ChineseTales/CH_002_牛郎织女_v3/gemini/CH_002_牛郎织女_gen_06.txt,ChineseTales,zh,牛郎因家暴被赶出家门，依靠老牛建起小家并遇见织女，两人结为夫妻育有儿女。天帝得知织女私配凡人后强行拆散他们，牛郎追至天河被王母划出银河阻隔。最终夫妻隔河相望，以梭子和拐子传递思念，成为星空中永恒的传说。
CH_002_牛郎织女,synthetic_datasets/generated_stories/ChineseTales/CH_002_牛郎织女_v3/gemini/CH_002_牛郎织女_gen_07.txt,ChineseTales,zh,织女因厌倦天庭枯燥生活下凡与受苦的牛郎结缘，两人婚后育有子女却遭天帝强行拆散。牛郎冒死追至天河边，用粪瓢舀水、披神牛皮对抗天规，最终被王母娘娘划出天河阻隔。这对恋人只能隔河相望，以梭子与纺车在夜空中编织永恒的相思传说。
CH_002_牛郎织女,synthetic_datasets/generated_stories/ChineseTales/CH_002_牛郎织女_v3/gemini/CH_002_牛郎织女_gen_08.txt,ChineseTales,zh,牛郎因家贫被哥嫂虐待后，靠老牛帮助建立茅屋，偶遇下凡的织女并结为夫妻，育有一双儿女。天帝得知后强行拆散他们，将织女拘回天庭，用银河阻隔夫妻。最终两人隔河相望，以梭子和拐子为信物，演绎出千古传颂的相思之恋。
CH_002_牛郎织女,synthetic_datasets/generated_stories/ChineseTales/CH_002_牛郎织女_v3/gemini/CH_002_牛郎织女_gen_09.txt,ChineseTales,zh,《牛郎织女》讲述天界织女因思念凡间牛郎而私奔相恋，两人婚后生子却遭天帝强行拆散。牛郎冒死追至银河，王母娘娘以金簪划出天河阻隔重逢，最终夫妻只能隔河相望，化作夜空中相依的星宿，象征永恒的爱与无奈的分离。
CH_002_牛郎织女,synthetic_datasets/generated_stories/ChineseTales/CH_002_牛郎织女_v3/gemini/CH_002_牛郎织女_gen_10.txt,ChineseTales,zh,故事讲述了织女因天庭劳作疲惫而下凡，与被哥嫂虐待的牛郎相遇相恋，结为夫妻并育有子女。天帝得知织女私奔后强行将其带回天庭，牛郎追至银河畔与织女隔河相望。最终两人被允许以梭子和拐子为信物隔河相守，演绎出跨越天地的永恒爱情传说。
CH_002_牛郎织女,synthetic_datasets/generated_stories/ChineseTales/CH_002_牛郎织女_v3/gemini/CH_002_牛郎织女_gen_11.txt,ChineseTales,zh,牛郎因家暴被赶出家门后，凭借老牛指引取得织女衣裳娶得仙女为妻，两人婚后生子安居。天帝强拆姻缘，牛郎追至银河畔与织女隔河相望，最终化作鹊桥相会的永恒传说。故事展现了跨越天界的爱情悲剧，以及平凡人对幸福生活的执着追求。
CH_002_牛郎织女,synthetic_datasets/generated_stories/ChineseTales/CH_002_牛郎织女_v3/gemini/CH_002_牛郎织女_gen_12.txt,ChineseTales,zh,织女因孤独向往凡间，牛郎因受苦被哥嫂赶出家门，两人相遇后相爱结婚并育有一子一女。天帝禁止神仙与凡人通婚，强行拆散他们，牛郎追至银河边与王母娘娘划出的天河对峙。最终两人被允许隔河相望，以梭子和拐子传递思念，成为千古传颂的爱情传说。
CH_003_孟姜女哭长城,synthetic_datasets/generated_stories/ChineseTales/CH_003_孟姜女哭长城_v3/gemini/CH_003_孟姜女哭长城_gen_01.txt,ChineseTales,zh,秦始皇为修筑长城强征民夫，书生万喜良为避役躲入孟家后院，误闯孟姜女沐浴处，两人因缘际会结为夫妻。丈夫被强征后，孟姜女千里寻夫，哭倒长城后怒斥暴政，最终投海自尽，以生命反抗秦始皇的暴虐统治，化作守护百姓的星辰传说。
CH_003_孟姜女哭长城,synthetic_datasets/generated_stories/ChineseTales/CH_003_孟姜女哭长城_v3/gemini/CH_003_孟姜女哭长城_gen_02.txt,ChineseTales,zh,秦始皇为巩固统治强征民夫修筑长城，书生万喜良为逃避徭役躲入孟员外家，与善良的孟姜女结缘成婚。丈夫被官府抓走后，孟姜女历经艰辛寻至长城，得知丈夫因劳累致死，悲痛欲绝。她以贞烈之姿反抗暴君，最终跳海自尽，化作星辰守护苍生，成为反抗暴政与追求爱情的永恒象征。
CH_003_孟姜女哭长城,synthetic_datasets/generated_stories/ChineseTales/CH_003_孟姜女哭长城_v3/gemini/CH_003_孟姜女哭长城_gen_03.txt,ChineseTales,zh,大秦帝国为防胡人修筑长城，导致百姓苦不堪言，书生万喜良被迫逃亡途中与孟姜女相遇相恋。万喜良被官府抓走后，孟姜女千里寻夫哭倒长城，以生命抗争暴政，最终化作守护真情的神话。故事通过乱世爱情与反抗暴政的悲剧，展现了百姓对自由与真情的坚守。
CH_003_孟姜女哭长城,synthetic_datasets/generated_stories/ChineseTales/CH_003_孟姜女哭长城_v3/gemini/CH_003_孟姜女哭长城_gen_04.txt,ChineseTales,zh,"秦始皇听信术士修筑长城，迫使万喜良逃亡途中与大善人之女孟姜女结缘成婚。万喜良被抓去修长城后，孟姜女千里寻夫哭倒长城，揭露暴君罪行并以三个条件逼迫秦始皇祭奠亡夫。最终她纵身跳海化为神仙，留下""孟姜女哭长城""的千古传说。"
CH_003_孟姜女哭长城,synthetic_datasets/generated_stories/ChineseTales/CH_003_孟姜女哭长城_v3/gemini/CH_003_孟姜女哭长城_gen_05.txt,ChineseTales,zh,秦始皇为筑长城征召民夫，才子万喜良为避徭役逃亡途中与奇女子孟姜女相遇成婚。新婚三日丈夫被征入长城劳役身亡，孟姜女悲痛欲绝哭倒长城，最终以死明志化为守护真爱的神灵，其泣血寻夫、殉情抗暴的传说成为千古绝唱。
CH_003_孟姜女哭长城,synthetic_datasets/generated_stories/ChineseTales/CH_003_孟姜女哭长城_v3/gemini/CH_003_孟姜女哭长城_gen_06.txt,ChineseTales,zh,大秦帝国为修长城强征民力，书生万喜良为避徭役逃亡途中与孟姜女相遇相恋，却因丈夫被征役致死而悲痛欲绝。孟姜女历经艰辛寻夫未果，最终以死抗争暴政，化作海神守护百姓，其故事成为反抗暴政的永恒象征。
CH_003_孟姜女哭长城,synthetic_datasets/generated_stories/ChineseTales/CH_003_孟姜女哭长城_v3/gemini/CH_003_孟姜女哭长城_gen_07.txt,ChineseTales,zh,秦始皇为抵御外敌强征民夫修筑长城，书生万喜良被迫逃亡途中与孟姜女相遇相恋。孟姜女为寻夫千里送寒衣，哭倒长城后揭露丈夫被活埋真相，最终以死抗争暴君秦始皇，化作海中仙灵，留下千古悲情传说。故事通过孟姜女的忠贞与反抗，控诉秦朝暴政，成为民间歌颂爱情与正义的经典传说。
CH_004_梁山伯与祝英台,synthetic_datasets/generated_stories/ChineseTales/CH_004_梁山伯与祝英台_v3/gemini/CH_004_梁山伯与祝英台_gen_01.txt,ChineseTales,zh,祝英台为反抗父亲禁锢，女扮男装求学并与梁山伯结为兄弟，两人情投意合却因祝父强令婚配遭拒。祝英台最终以殉情方式追随梁山伯，两人化作蝴蝶永相厮守，成就凄美爱情传说。故事展现了封建礼教对女性的压迫与真挚情感的抗争，以化蝶结局象征永恒爱情。
CH_004_梁山伯与祝英台,synthetic_datasets/generated_stories/ChineseTales/CH_004_梁山伯与祝英台_v3/gemini/CH_004_梁山伯与祝英台_gen_02.txt,ChineseTales,zh,祝英台为反抗父亲禁锢，女扮男装求学杭州，与同窗梁山伯结为兄弟并暗生情愫。两人情投意合却遭祝父阻挠，祝英台被迫与权贵马文才成婚，最终为坚守爱情选择殉情。在婚礼当日，她纵身跃入梁山伯坟墓化作蝴蝶，与爱人永生相随，留下凄美绝唱。
CH_004_梁山伯与祝英台,synthetic_datasets/generated_stories/ChineseTales/CH_004_梁山伯与祝英台_v3/gemini/CH_004_梁山伯与祝英台_gen_03.txt,ChineseTales,zh,祝英台女扮男装求学，与同窗梁山伯结为兄弟并暗生情愫，却遭祝父强令许配权贵马文才。梁山伯病逝后，祝英台在迎亲途中殉情自尽，最终化作彩蝶双飞，成就千古绝唱。故事以封建礼教压迫下男女情爱的悲剧，展现了祝英台为追求自由爱情反抗父权的决绝与凄美结局。
CH_005_白蛇传,synthetic_datasets/generated_stories/ChineseTales/CH_005_白蛇传_v3/gemini/CH_005_白蛇传_gen_01.txt,ChineseTales,zh,峨眉山千年白蛇白素贞因好奇逃离洞府，被捕蛇人捕获后得牧童相救，五百年苦修终得道成仙。她化为人形后收服桀骜的小青为侍女，最终在杭州西湖断桥与转世恩人许仙相遇，开启一段跨越人妖的凄美爱情传说。故事以白素贞的修行历程、师徒情缘与宿命爱情为主线，展现其从妖到仙的蜕变与情感纠葛。
CH_005_白蛇传,synthetic_datasets/generated_stories/ChineseTales/CH_005_白蛇传_v3/gemini/CH_005_白蛇传_gen_02.txt,ChineseTales,zh,白素贞是修炼千年的小白蛇，因被牧童救下而心怀感恩，最终修成正果化身女子下凡。她与青蛇小青结缘，共同寻找转世的恩人许仙，最终在西湖断桥相遇，开启一段跨越前世今生的报恩情缘。故事展现了她从灵蛇到仙子的蜕变，以及对自由、善念与人间情缘的追寻。
CH_006_花木兰从军,synthetic_datasets/generated_stories/ChineseTales/CH_006_花木兰从军_v3/gemini/CH_006_花木兰从军_gen_01.txt,ChineseTales,zh,"北魏年间，花木兰为替年迈病弱的父亲从军，女扮男装通过比剑说服家人，奔赴边关立下赫赫战功，成为统领一方的将军。她以忠孝与勇武名震天下，十二年后辞官回乡侍奉双亲，其""替父从军""的传奇故事被世代传颂。"
CH_006_花木兰从军,synthetic_datasets/generated_stories/ChineseTales/CH_006_花木兰从军_v3/gemini/CH_006_花木兰从军_gen_02.txt,ChineseTales,zh,"北魏边关战乱频仍，花木兰为替年迈父亲从军，女扮男装奔赴战场，以卓越武艺和智谋屡立战功，最终升任将军。十二年后辞官归乡，以孝心与忠勇成为千古传颂的典范，其""替父从军""的故事被后世奉为忠孝双全的楷模。"
CH_007_嫦娥奔月,synthetic_datasets/generated_stories/ChineseTales/CH_007_嫦娥奔月_v3/gemini/CH_007_嫦娥奔月_gen_01.txt,ChineseTales,zh,后羿为拯救人间射落九日，与妻子嫦娥共同保管西王母赐予的长生仙药。逄蒙因嫉妒心生歹念，趁后羿外出时逼迫嫦娥交出仙药，嫦娥为保仙药不落入恶人之手，最终吞药飞升月宫成仙。后羿悲痛欲绝，每逢月圆夜便遥祭嫦娥，夫妻阴阳永隔。
CH_007_嫦娥奔月,synthetic_datasets/generated_stories/ChineseTales/CH_007_嫦娥奔月_v3/gemini/CH_007_嫦娥奔月_gen_02.txt,ChineseTales,zh,后羿射落九日拯救苍生，成为盖世英雄。他将西王母赐予的不死仙药托付妻子嫦娥保管，却遭徒弟逄蒙觊觎。逄蒙闯入后羿家中抢夺仙药，嫦娥为阻止其滥用，毅然吞药飞升月宫，与后羿永隔，留下千古相思。
CH_012_后羿射日,synthetic_datasets/generated_stories/ChineseTales/CH_012_后羿射日_v3/gemini/CH_012_后羿射日_gen_01.txt,ChineseTales,zh,在远古时代，天帝的十个太阳儿子同时出现导致大地焦枯，民不聊生。神箭手后羿为拯救苍生，射落九个太阳，迫使最后一个躲入山谷。天帝劝说残存太阳重返天际恢复光明，后羿因拯救苍生被封神赐予长生药，其英雄事迹流传万古。
CH_012_后羿射日,synthetic_datasets/generated_stories/ChineseTales/CH_012_后羿射日_v3/gemini/CH_012_后羿射日_gen_02.txt,ChineseTales,zh,上古时期，东方天帝的十个太阳金乌因贪玩同时出现，导致大地焦枯、生灵涂炭。神射手后羿射落九日，迫使最后一个太阳躲入深海，却引发新的黑暗危机。天帝以威严劝返逃逸的太阳并重设天规，最终封赏后羿为天庭神将，维系天地秩序与人间安宁。
CH_014_武松打虎,synthetic_datasets/generated_stories/ChineseTales/CH_014_武松打虎_v3/gemini/CH_014_武松打虎_gen_01.txt,ChineseTales,zh,"武松在酒店豪饮十八碗烈酒后，酒保劝阻他不要再饮，因当地有""三碗不过冈""的传说。酒保透露景阳冈近日有吊睛白额大虎出没，官府已张贴告示警示，但武松不信酒中掺水，仍执意要独自上山。故事通过对话展现武松的豪迈性格与酒保的担忧，为后续虎口逃生埋下伏笔。"
CH_014_武松打虎,synthetic_datasets/generated_stories/ChineseTales/CH_014_武松打虎_v3/gemini/CH_014_武松打虎_gen_02.txt,ChineseTales,zh,"武松在景阳冈下酒店酒后欲独自赶路，酒倌苦劝留宿并警告山中有猛虎出没。武松不听劝阻，声称大丈夫何惧山路，却未察觉自己已饮下""三碗不过冈""的烈酒。故事通过对话展现武松的豪迈性格与酒倌的担忧，为后续虎口逃生埋下伏笔。"
CH_301_神犬盘瓠,synthetic_datasets/generated_stories/ChineseTales/CH_301_神犬盘瓠_v3/gemini/CH_301_神犬盘瓠_gen_01.txt,ChineseTales,zh,上古时期，高辛氏帝君为平定北方鬼戎部落的侵扰，悬赏招募能臣，却无人敢应征。神犬盘瓠挺身而出，夜袭敌营斩杀鬼戎首领，以忠勇神威平定边患。帝君兑现承诺，将爱女许配盘瓠，并赐予丰厚封赏，终使天下重归太平。
CH_301_神犬盘瓠,synthetic_datasets/generated_stories/ChineseTales/CH_301_神犬盘瓠_v3/gemini/CH_301_神犬盘瓠_gen_02.txt,ChineseTales,zh,高辛帝面对边疆叛将的威胁悬赏征讨，却无人应征。宫中异犬盘瓠听懂圣旨，独自深入敌营斩杀叛将并带回首级。帝王在震惊之余陷入两难，既需兑现承诺却难以将公主许配给一只神犬。这个故事展现了帝王的承诺困境与异兽的非凡能力。
EN_001_The_Lion_and_the_Crane,synthetic_datasets/generated_stories/IndianTales/EN_001_The_Lion_and_the_Crane_v3/gemini/EN_001_The_Lion_and_the_Crane_gen_01.txt,IndianTales,en,"In a distant past, the compassionate White Crane (Bodhisatta) aids the suffering, ungrateful Lion Devadatta by removing a bone lodged in his throat, but the Lion spurns his kindness, revealing his arrogance. The Crane departs, later revealed by the Buddha to be his former incarnation, with Devadatta as his rival, highlighting themes of selfless virtue versus ingratitude and the path to enlightenment."
EN_001_The_Lion_and_the_Crane,synthetic_datasets/generated_stories/IndianTales/EN_001_The_Lion_and_the_Crane_v3/gemini/EN_001_The_Lion_and_the_Crane_gen_02.txt,IndianTales,en,"In a past life, the Bodhisatta, as a White Crane, saves a dying Lion (Devadatta) by removing a bone lodged in his throat, demanding a promise of safety. The Lion, however, betrays trust with arrogance, rejecting gratitude and threatening the Crane. The Crane, foreseeing his ingratitude, departs, foreshadowing Devadatta's future enmity toward the Buddha. The story underscores karma and the importance of virtue, as the Buddha reveals the Crane was himself in a former birth."
EN_002_How_the_Raja's_Son_won_the_Princess_Labam,synthetic_datasets/generated_stories/IndianTales/EN_002_How_the_Raja's_Son_won_the_Princess_Labam_v3/gemini/EN_002_How_the_Raja's_Son_won_the_Princess_Labam_gen_01.txt,IndianTales,en,"The young prince defies his mother's warning to explore the forbidden northern mountains, where he encounters magical beings and learns of Princess Labam. Guided by their aid, he overcomes the King's impossible trials, including crushing mustard seeds, slaying demons, and beating a skyward drum, ultimately winning Princess Labam's hand in marriage through courage, kindness, and the support of his allies. His journey culminates in a triumphant union and return to rule his kingdom wisely."
EN_002_How_the_Raja's_Son_won_the_Princess_Labam,synthetic_datasets/generated_stories/IndianTales/EN_002_How_the_Raja's_Son_won_the_Princess_Labam_v3/gemini/EN_002_How_the_Raja's_Son_won_the_Princess_Labam_gen_02.txt,IndianTales,en,"A young prince, defying his mother's warning, ventures to the forbidden fourth side and encounters a parrot that guides him to Princess Labam. Through bravery and cleverness, he overcomes the king's impossible challenges with the help of allies like the Ant-Raja and Tiger, ultimately winning Princess Labam's hand and ruling their kingdom happily ever after."
EN_003_The Lambikin,synthetic_datasets/generated_stories/IndianTales/EN_003_The Lambikin_v3/gemini/EN_003_The Lambikin_gen_01.txt,IndianTales,en,"Wee wee Lambikin, a tiny lamb, embarks on a journey to visit his Granny, cleverly tricking predators like a Jackal, Vulture, Tiger, Wolf, Dog, and Eagle by promising to grow plump before returning. Granny helps him evade them by hiding him in a drum, which fools the animals with a song. However, the sly Jackal recognizes his voice, attacks the drum, and devours Lambikin, ending his adventure tragically."
EN_003_The Lambikin,synthetic_datasets/generated_stories/IndianTales/EN_003_The Lambikin_v3/gemini/EN_003_The Lambikin_gen_02.txt,IndianTales,en,"Wee wee Lambikin, a plump lamb seeking adventure, tricks various predators (a Jackal, Vulture, Tiger, Wolf, Dog, and Eagle) by promising to return plumper from his Granny's corn-bin. Granny helps him evade them by hiding him in a drum, but the cunning Jackal识破 the ruse, ultimately devouring him after outsmarting all others. The story highlights Lambikin's cleverness and the Jackal's triumph."
EN_004_Punchkin,synthetic_datasets/generated_stories/IndianTales/EN_004_Punchkin_v3/gemini/EN_004_Punchkin_gen_01.txt,IndianTales,en,"The seven princesses endure cruelty from their jealous stepmother, the Ranee, until their late mother's spirit intervenes with divine aid, saving them from starvation and eventual exile into the jungle. They marry noble princes, but the husbands are captured by the villainous Fakir Punchkin, who kidnaps the youngest princess, Balna. Balna's son embarks on a perilous quest, outwitting Punchkin by retrieving the parrot holding his soul, ultimately freeing his family and defeating the tyrant."
EN_004_Punchkin,synthetic_datasets/generated_stories/IndianTales/EN_004_Punchkin_v3/gemini/EN_004_Punchkin_gen_02.txt,IndianTales,en,"In a kingdom ruled by a cruel Ranee, seven princesses, especially gentle Balna, endure harsh mistreatment until their late mother's spirit provides sustenance through magical means. When the Raja abandons them in the jungle, they are rescued by princes, but the men are later captured by the evil Fakir Punchkin. Balna's son embarks on a perilous quest, aided by a wise gardener's wife and mystical eagles, to rescue his family by defeating Punchkin and freeing the princes, ultimately ending the villain's reign through a clever trick involving a magical parrot."
EN_005_The_Broken_Pot,synthetic_datasets/generated_stories/IndianTales/EN_005_The_Broken_Pot_v3/gemini/EN_005_The_Broken_Pot_gen_01.txt,IndianTales,en,"Svabhavakripana, a miserly man, hoards a small pot of rice, envisioning a future of wealth through calculated trades and acquisitions. His fantasies of prosperity and family life spiral into obsession, leading him to accidentally shatter the pot with a kick, destroying his meager resources. The tale warns against unrealistic dreams and the dangers of neglecting present realities, emphasizing the folly of chasing imagined riches over tangible action."
EN_005_The_Broken_Pot,synthetic_datasets/generated_stories/IndianTales/EN_005_The_Broken_Pot_v3/gemini/EN_005_The_Broken_Pot_gen_02.txt,IndianTales,en,"Svabhavakripana, a miserly Brahman, hoards a small amount of rice in a pot, imagining it will grow into vast wealth and power. His fantasies of becoming a merchant king and controlling his family lead him to impulsively kick the pot, shattering it and losing his rice. The tale warns against unrealistic ambitions and neglecting the present, as his greed and overreach destroy his meager possessions. The moral underscores the folly of building castles in the sky without grounding in reality."
EN_006_The_Magic_Fiddle,synthetic_datasets/generated_stories/IndianTales/EN_006_The_Magic_Fiddle_v3/gemini/EN_006_The_Magic_Fiddle_gen_01.txt,IndianTales,en,"The Seven Wives, consumed by envy of Bonga Girl's beauty and kindness, plot to drown her in a forbidden spirit pool, succeeding in her death. Her spirit reborn as a miraculous bamboo, which a Jogi crafts into a fiddle, later grants the Chief's Son the ability to commune with her, leading to their union. When the Seven Wives' treachery is revealed, they face judgment for their role in Bonga Girl's tragic fate."
EN_006_The_Magic_Fiddle,synthetic_datasets/generated_stories/IndianTales/EN_006_The_Magic_Fiddle_v3/gemini/EN_006_The_Magic_Fiddle_gen_02.txt,IndianTales,en,"In a jungle village, seven brothers' envious wives plot to sacrifice their radiant sister, the Bonga Girl, to the forest spirit Bonga, killing her and transforming her spirit into a magical bamboo. A Jogi crafts the bamboo into a fiddle, which is stolen by a Chief's family, awakening the Bonga Girl as a spectral maiden who marries the Chief's son. Years later, the brothers recognize her, confronting their guilt for her demise and the consequences of their wives' cruelty."
EN_007_The_Cruel_Crane_Outwitted,synthetic_datasets/generated_stories/IndianTales/EN_007_The_Cruel_Crane_Outwitted_v3/gemini/EN_007_The_Cruel_Crane_Outwitted_gen_01.txt,IndianTales,en,"In ancient India, a cunning Crane deceives desperate fish into trusting him to rescue them from a drying pond, only to devour them one by one. A wise Good Crab, suspecting the Crane's treachery, outsmarts him by feigning agreement to travel, then kills the Crane to save the remaining fish. The Bodisat concludes the tale, emphasizing that deceit and cruelty ultimately fail, while wisdom and courage triumph over treachery."
EN_007_The_Cruel_Crane_Outwitted,synthetic_datasets/generated_stories/IndianTales/EN_007_The_Cruel_Crane_Outwitted_v3/gemini/EN_007_The_Cruel_Crane_Outwitted_gen_02.txt,IndianTales,en,"In ancient Bharat, a deceitful Crane tricks desperate fish from a drying pond into trusting his promise of a safe haven, only to devour them one by one. The Good Crab, the sole skeptic, outwits the Crane by demanding to ride him, then kills the villain to save the remaining fish. The tale underscores the dangers of false promises and the power of vigilance and courage. The Bodisat concludes that wisdom lies in discernment and standing firm against treachery."
EN_008_The_Tiger_the_Brahman_and_the_Jackal,synthetic_datasets/generated_stories/IndianTales/EN_008_The_Tiger_the_Brahman_and_the_Jackal_v3/gemini/EN_008_The_Tiger_the_Brahman_and_the_Jackal_gen_01.txt,IndianTales,en,"A proud tiger, trapped in a snare, is freed by a compassionate Brahman who believes in his sincerity, only to be betrayed as the tiger attacks him. Seeking justice, the Brahman consults a Pipal Tree, a Buffalo, and the Road, all revealing humanity's ingratitude. A clever Jackal outsmarts the tiger by tricking him back into the trap, saving the Brahman's life through wit. The story underscores themes of deception, nature's instincts, and the irony of human expectations."
EN_008_The_Tiger_the_Brahman_and_the_Jackal,synthetic_datasets/generated_stories/IndianTales/EN_008_The_Tiger_the_Brahman_and_the_Jackal_v3/gemini/EN_008_The_Tiger_the_Brahman_and_the_Jackal_gen_02.txt,IndianTales,en,"A majestic tiger, trapped in a hunter's cage, is freed by a compassionate Brahman who believes his promises of gratitude. However, the tiger betrays him, prompting the Brahman to seek wisdom from nature, only to be outsmarted by a clever jackal who tricks the tiger back into the cage, teaching a lesson about untrustworthy promises and human ingratitude."
EN_009_Harisarman,synthetic_datasets/generated_stories/IndianTales/EN_009_Harisarman_v3/gemini/EN_009_Harisarman_gen_01.txt,IndianTales,en,"Harisarman, a poor man humiliated by the wealthy Sthuladatta, steals his horse and feigns divine insight to gain fame, later aiding the king by uncovering a royal theft with the help of a guilt-ridden palace servant. His deception culminates in a final test with a hidden frog, which he guesses correctly, securing his reputation as a sage and a high court position, though his lies ultimately outlive his initial motives."
EN_009_Harisarman,synthetic_datasets/generated_stories/IndianTales/EN_009_Harisarman_v3/gemini/EN_009_Harisarman_gen_02.txt,IndianTales,en,"Harisarman, a poor Brahmin overlooked in Pataliputra, steals a prized horse from the wealthy Sthuladatta to gain recognition, later falsely claiming divine insight to become a revered sage. When challenged by the king to reveal hidden treasures, he outsmarts the court by cryptically naming a frog in a jar, leveraging his childhood nickname to prove his ""clairvoyance."" His wit and a series of cosmic coincidences elevate him to royal favor, transforming him from a destitute scholar to a powerful advisor, symbolizing triumph over social injustice through cunning and fate."
EN_010_The_Talkative_Tortoise,synthetic_datasets/generated_stories/IndianTales/EN_010_The_Talkative_Tortoise_v3/gemini/EN_010_The_Talkative_Tortoise_gen_01.txt,IndianTales,en,"In the ancient city of Varanasi, King Brahma-datta’s excessive speech frustrated his wise adviser, the Bodisat, who later used a parable to warn him. The story of the Talkative Tortoise, who fell to his death after breaking a vow of silence while being carried by Hamsas, illustrated the peril of uncontrolled speech. The king, reflecting on the Tortoise’s fate, resolved to prioritize thoughtful silence over endless words, transforming into a wiser ruler. The tale underscores the dangers of unchecked talk and the value of measured communication."
EN_010_The_Talkative_Tortoise,synthetic_datasets/generated_stories/IndianTales/EN_010_The_Talkative_Tortoise_v3/gemini/EN_010_The_Talkative_Tortoise_gen_02.txt,IndianTales,en,"In the ancient kingdom of Varanasi, King Brahma-datta's endless speech hindered governance, prompting his adviser, the Future Buddha, to use a parable about a talkative tortoise carried by Hamsas. The Tortoise, warned to stay silent, faltered under villagers' mockery and fell to his death, teaching the king the dangers of uncontrolled speech. Inspired by the tale, the king embraced measured words, transforming into a wise ruler. The story underscores the peril of excessive talk and the value of mindful silence."
EN_011_The_Gold_giving_Serpent,synthetic_datasets/generated_stories/IndianTales/EN_011_The_Gold_giving_Serpent_v3/gemini/EN_011_The_Gold_giving_Serpent_gen_01.txt,IndianTales,en,"Haridatta, a devout Brahman farmer, discovers a serpent he believes is a guardian deity and offers milk daily, earning gold coins that transform his impoverished life. His greedy son, however, plots to kill the serpent for its supposed treasure, leading to the son's death and the serpent's tragic departure. The serpent, though defending itself, breaks their bond, leaving Haridatta with a final pearl and eternal exile from their sacred connection. The story underscores the clash between reverence and greed, and the irreversible consequences of betrayal."
EN_011_The_Gold_giving_Serpent,synthetic_datasets/generated_stories/IndianTales/EN_011_The_Gold_giving_Serpent_v3/gemini/EN_011_The_Gold_giving_Serpent_gen_02.txt,IndianTales,en,"Haridatta, a poor Brahman, offers milk to a cobra he believes is a deity, earning gold coins in return and lifting his family's fortunes. His greedy son, however, betrays the serpent by killing it, only to be fatally poisoned by its venom. The serpent leaves Haridatta a final pearl, condemning him to leave the field, as greed has irrevocably shattered their bond. The story underscores the consequences of avarice versus the purity of devotion."
EN_012_A_Lesson_for_Kings,synthetic_datasets/generated_stories/IndianTales/EN_012_A_Lesson_for_Kings_v3/gemini/EN_012_A_Lesson_for_Kings_gen_01.txt,IndianTales,en,"Prince Brahma-datta, destined to be the Future Buddha, rules a harmonious kingdom with wisdom and compassion, yet seeks genuine critique by journeying alone. During a chance encounter with King Mallika, their charioteers debate royal virtues, revealing Brahma-datta's compassionate justice as superior to Mallika's retributive righteousness, leading to Mallika's humbled acknowledgment of Brahma-datta's true virtue."
EN_012_A_Lesson_for_Kings,synthetic_datasets/generated_stories/IndianTales/EN_012_A_Lesson_for_Kings_v3/gemini/EN_012_A_Lesson_for_Kings_gen_02.txt,IndianTales,en,"In the peaceful kingdom of Benares, Prince Brahma-datta, destined to become the Future Buddha, ruled with unparalleled wisdom, eliminating disputes through compassion. Seeking genuine criticism, he ventured into the forest, where he encountered King Mallika of Kosala. Their chariot standoff led to a moral debate: Mallika praised retributive justice, while Brahma-datta's charioteer highlighted his compassionate righteousness, transforming hearts rather than punishing deeds. Humbled, Mallika yielded, recognizing the superior virtue of Brahma-datta's approach."
EN_013_Pride_goeth_before_a_Fall,synthetic_datasets/generated_stories/IndianTales/EN_013_Pride_goeth_before_a_Fall_v3/gemini/EN_013_Pride_goeth_before_a_Fall_gen_01.txt,IndianTales,en,"A caravan of eleven cloth merchants, led by the shrewd Clever Merchant, is robbed by the infamous Three Robbers, who force the traders to perform a humiliating dance. Using a cryptic trade song, the Clever Merchant subtly coordinates a coordinated attack, enabling the merchants to overpower the robbers and reclaim their stolen goods. Their triumph transforms them from victims to heroes, celebrated for their unity and ingenuity in overcoming tyranny. The story underscores the power of clever strategy and collective resolve against oppression."
EN_013_Pride_goeth_before_a_Fall,synthetic_datasets/generated_stories/IndianTales/EN_013_Pride_goeth_before_a_Fall_v3/gemini/EN_013_Pride_goeth_before_a_Fall_gen_02.txt,IndianTales,en,"A caravan of cloth merchants, led by the Clever Merchant, is ambushed by the boastful Three Robbers, who strip them of their goods and force them into a humiliating dance. Using a coded song, the Clever Merchant signals his fellow traders to attack, overpowering the robbers with coordinated bravery and reclaiming their stolen belongings. The merchants emerge victorious, celebrated as heroes for outwitting their oppressors and turning despair into triumph. Their tale becomes a cautionary reminder of humility and cunning."
EN_014_The_Ass_in_the_Lion's_Skin,synthetic_datasets/generated_stories/IndianTales/EN_014_The_Ass_in_the_Lion's_Skin_v3/gemini/EN_014_The_Ass_in_the_Lion's_Skin_gen_01.txt,IndianTales,en,"A cunning Hawker deceives villagers by disguising his ass as a lion to steal their crops, exploiting their fear. When the villagers finally confront the ""lion,"" the ass's bray exposes the trick, leading to its brutal punishment. The Hawker laments his failed scheme, revealing the folly of deception and the villagers' misplaced terror."
EN_014_The_Ass_in_the_Lion's_Skin,synthetic_datasets/generated_stories/IndianTales/EN_014_The_Ass_in_the_Lion's_Skin_v3/gemini/EN_014_The_Ass_in_the_Lion's_Skin_gen_02.txt,IndianTales,en,"Govinda, a resourceful hawker, disguises his starving ass as a lion to steal villagers' crops, exploiting their fear. When the villagers confront the ""lion"" with noise, the ass's braying exposes its true identity, leading to its brutal demise. The story underscores the folly of pretense, as the ass's own voice betrays its deception, leaving Govinda heartbroken. The villagers' initial fear turns to anger, highlighting the consequences of hubris and the inevitability of truth."
EN_015_The_Farmer_and_the_Money_lender,synthetic_datasets/generated_stories/IndianTales/EN_015_The_Farmer_and_the_Money_lender_v3/gemini/EN_015_The_Farmer_and_the_Money_lender_gen_01.txt,IndianTales,en,"Govind, a poor farmer, seeks wealth from the greedy Sethji, who directs him to seek divine blessing from Lord Ram. After a journey, Govind encounters Ram, who grants him a magical conch to fulfill wishes. Using it wisely, Govind gains prosperity, but Sethji steals the conch and is ultimately destroyed when Govind tricks him into losing his sight, avenging his greed."
EN_015_The_Farmer_and_the_Money_lender,synthetic_datasets/generated_stories/IndianTales/EN_015_The_Farmer_and_the_Money_lender_v3/gemini/EN_015_The_Farmer_and_the_Money_lender_gen_02.txt,IndianTales,en,"In a village plagued by poverty, a hardworking farmer seeks wealth from a cruel money-lender, only to be directed to find the deity Ram. After a selfless journey, he discovers a magical conch that grants wishes but warns against sharing its power. When the money-lender steals the conch, the farmer outsmarts him by wishing to lose an eye, causing the lender to lose both his eyes and fall into a well, ending his greed-driven tyranny."
EN_016_The_Prince_and_the_Fakir,synthetic_datasets/generated_stories/IndianTales/EN_016_The_Prince_and_the_Fakir_v3/gemini/EN_016_The_Prince_and_the_Fakir_gen_01.txt,IndianTales,en,"A childless king bargains with a fakir for sons, deceives him with slaves, and loses his real heir to the fakir's wrath. The prince escapes, frees enchanted beasts, and, after triumphing in a royal hunt, reunites with his father and claims his birthright."
EN_016_The_Prince_and_the_Fakir,synthetic_datasets/generated_stories/IndianTales/EN_016_The_Prince_and_the_Fakir_v3/gemini/EN_016_The_Prince_and_the_Fakir_gen_02.txt,IndianTales,en,"A childless king, desperate for an heir, strikes a deadly pact with a mysterious Fakir, who demands his firstborn in exchange for two sons. When the king deceitfully substitutes slaves, the Fakir exposes the lie via ants, seizing the true prince, who escapes, defeats the Fakir, and frees magical creatures. The prince later reunites with his father, proves his worth through a legendary hunt, and ascends as king, winning the heart of the princess and uniting two realms."
EN_017_How_Sun_Moon_and_Wind_went_out_to_Dinner,synthetic_datasets/generated_stories/IndianTales/EN_017_How_Sun_Moon_and_Wind_went_out_to_Dinner_v3/gemini/EN_017_How_Sun_Moon_and_Wind_went_out_to_Dinner_gen_01.txt,IndianTales,en,"In a celestial realm, Sun, Moon, and Wind, children of Star, attend a lavish feast hosted by their uncle and aunts. While Sun and Wind indulge selfishly, Moon remembers to save a gift for their absent mother, Star. Upon returning, Star reveals that Sun and Wind’s neglect transforms them into scorching sunlight and harsh winds, while Moon becomes the gentle, comforting moon. The story underscores the consequences of selfishness versus selflessness, shaping the natural elements as eternal reflections of their choices."
EN_017_How_Sun_Moon_and_Wind_went_out_to_Dinner,synthetic_datasets/generated_stories/IndianTales/EN_017_How_Sun_Moon_and_Wind_went_out_to_Dinner_v3/gemini/EN_017_How_Sun_Moon_and_Wind_went_out_to_Dinner_gen_02.txt,IndianTales,en,"The story follows the three celestial children of the Mother Star—Sun, Wind, and Moon—who attend a lavish feast. Sun and Wind indulge selfishly, leaving nothing for their mother, while Moon selflessly saves delicacies for her. Mother Star punishes Sun with relentless heat and Wind with scorching dryness, rewarding Moon with a cool, serene light to balance the world's harshness."
EN_018_How_the_Wicked_Sons_were_Duped,synthetic_datasets/generated_stories/IndianTales/EN_018_How_the_Wicked_Sons_were_Duped_v3/gemini/EN_018_How_the_Wicked_Sons_were_Duped_gen_01.txt,IndianTales,en,"Gopal, an elderly man, divides his wealth between his greedy sons, Ravi and Suresh, only to be neglected and abused after their betrayal. His loyal friend Rama deceives them into believing hidden treasure exists, manipulating their greed to secure Gopal's comfort. The sons, fooled into revering their father, later dig futilely for the supposed treasure, uncovering only emptiness. Their selfishness leads to their downfall, as they realize their father outwitted them, leaving them with ruin and regret."
EN_018_How_the_Wicked_Sons_were_Duped,synthetic_datasets/generated_stories/IndianTales/EN_018_How_the_Wicked_Sons_were_Duped_v3/gemini/EN_018_How_the_Wicked_Sons_were_Duped_gen_02.txt,IndianTales,en,"An elderly man, after distributing his wealth to his selfish sons, is cruelly abandoned, only for his loyal friend Gopal to trick them into showing false devotion by presenting fake gold bags. The sons, driven by greed, lavish attention on their father until his death, only to discover the ""treasures"" are worthless river stones, revealing their own foolishness and the futility of their avarice."
EN_019_The_Pigeon_and_the_Crow,synthetic_datasets/generated_stories/IndianTales/EN_019_The_Pigeon_and_the_Crow_v3/gemini/EN_019_The_Pigeon_and_the_Crow_gen_01.txt,IndianTales,en,"Mr. Crow, driven by greed, deceives the compassionate Pigeon into gaining access to a rich merchant’s kitchen, where he secretly steals food. When caught by the cook, Govind, and confronted by the Pigeon’s wisdom, the Crow faces punishment and a bitter downfall, ultimately dying from his insatiable desires. The story underscores the consequences of greed and the value of contentment over deceit."
EN_019_The_Pigeon_and_the_Crow,synthetic_datasets/generated_stories/IndianTales/EN_019_The_Pigeon_and_the_Crow_v3/gemini/EN_019_The_Pigeon_and_the_Crow_gen_02.txt,IndianTales,en,"The story follows The Crow, a greedy bird who deceives the wise and compassionate Pigeon into gaining access to a wealthy merchant's kitchen. After pretending to be ill to isolate the Pigeon, the Crow steals fresh fish but is caught by the cook, punished, and humbled. The Pigeon's warning about greed's destructive nature is vindicated as the Crow's avarice leads to his downfall, serving as a cautionary tale about the perils of selfish desire."
EN_020_The_Demon_with_the_Matted_Hair,synthetic_datasets/generated_stories/IndianTales/EN_020_The_Demon_with_the_Matted_Hair_v3/gemini/EN_020_The_Demon_with_the_Matted_Hair_gen_01.txt,IndianTales,en,"In the ancient city of Benares, Prince of the Five Weapons, destined to become a wise and mighty ruler, faces the Demon with the Matted Hair in the Black Forest. After his weapons and limbs are ensnared in the demon's hair, he triumphs through inner wisdom and courage, converting the creature to a peaceful path. His journey embodies the triumph of intellect and compassion over brute force, securing prosperity for his kingdom."
EN_020_The_Demon_with_the_Matted_Hair,synthetic_datasets/generated_stories/IndianTales/EN_020_The_Demon_with_the_Matted_Hair_v3/gemini/EN_020_The_Demon_with_the_Matted_Hair_gen_02.txt,IndianTales,en,"In the ancient kingdom of Benares, Prince Bodhisatta, destined to become a wise ruler, embarks on a journey to confront the fearsome Demon with the Matted Hair after mastering martial arts and sacred knowledge. Despite losing his weapons in battle, he defeats the demon not through force but by invoking his inner spiritual power and wisdom, ultimately transforming the monster into a guardian through compassion and truth. The story underscores the triumph of intellect and moral strength over brute force, fulfilling the prophecy of his divine destiny."
jp_001,synthetic_datasets/generated_stories/Japanese/jp_001_v3/gemini/jp_001_gen_01.txt,Japanese,ja,おばあさんが川で洗濯中に不思議な桃を見つけ、それを育てて生まれた桃太郎は、鬼が島の悪鬼を退治するため旅立ちます。途中で犬・猿・きじを仲間として招き、鬼の大将と戦い勝利します。奪われた宝物を携えて故郷へ凱旋し、英雄として人々の心に残る物語です。
jp_001,synthetic_datasets/generated_stories/Japanese/jp_001_v3/gemini/jp_001_gen_02.txt,Japanese,ja,おばあさんが川で洗濯中に巨大な桃が流れてきて、その中から生まれた桃太郎は成長し、悪の鬼を退治する決意を果たす。鬼が島へ向かう旅で犬・猿・雉を仲間にし、戦いの末鬼の大将を捕らえ、奪われた宝物を村に返還。村人は英雄として桃太郎の帰還を喜び、平和と豊かさをもたらす。
jp_002,synthetic_datasets/generated_stories/Japanese/jp_002_v3/gemini/jp_002_gen_01.txt,Japanese,ja,浦島太郎は子供たちにいじめられていた小さな亀を助け、その恩を返すため竜宮城へ招かれる。そこで美しい乙姫と楽しく過ごすが、帰る際には玉手箱を渡され「決して開けてはならない」と告げられる。三百年後、故郷に戻った彼は孤独に悶絶し、箱を開けてしまうと若さを失い、やがて死ぬまで浜辺にひとり残される。物語は無知と欲望の過ちによる悲劇として語り継がれる。
jp_002,synthetic_datasets/generated_stories/Japanese/jp_002_v3/gemini/jp_002_gen_02.txt,Japanese,ja,浦島太郎は、海辺で苦しむ亀を助け、竜宮城へ招かれる。乙姫の hospitality に包まれながらも、地上に戻る決意をし、玉手箱を贈られる。箱を開けた結果、百年の時を経て老け果て、故郷を失った悲劇を迎える。物語は、優しさと願いの力、そして時間の流れの無常を描く。
jp_003,synthetic_datasets/generated_stories/Japanese/jp_003_v3/gemini/jp_003_gen_01.txt,Japanese,ja,物語は、木こりの茂作とその年季奉公人である巳之吉が、冬の山で遭難した際に出会った神秘的な白い女性の存在を描く。彼女は茂作を殺害し、巳之吉に秘密を守るよう警告するが、後に巳之吉が彼女を妻として迎え入れた結果、彼女が実はその霊であることが明らかになる。結局、巳之吉は愛する妻を失い、深い悲しみに暮れる。
jp_003,synthetic_datasets/generated_stories/Japanese/jp_003_v3/gemini/jp_003_gen_02.txt,Japanese,ja,物語は、木こりの茂作と巳之吉が雪stormで渡し守の小屋に避難した際に、白装束の女に襲われて茂作が死ぬ事件を描く。巳之吉はその女を後に出会った美しい妻お雪と同一人物だと気づき、彼女が幽霊として現れ、自身の命を奪うという驚きの結末を迎える。
jp_004,synthetic_datasets/generated_stories/Japanese/jp_004_v3/gemini/jp_004_gen_01.txt,Japanese,ja,昔々、心優しいおじいさんとおばあさんがツルを救い、感謝の意を示すため娘の姿で現れる少女を助けた。少女は実際にはツルで、自らの羽毛を糸に変えて美しい布を織り、その秘密を暴かれた後、再びツルの姿に戻り、感謝を伝えて去って行った。物語は約束の大切さと、心の優しさが報われるというテーマを描いている。
jp_004,synthetic_datasets/generated_stories/Japanese/jp_004_v3/gemini/jp_004_gen_02.txt,Japanese,ja,山里のおじいさんがツルを救い、その恩を返すため娘として現れた美しい女性を助けたが、好奇心から部屋を覗き込むと、実際にはツルが羽毛を犠牲にして織り上げた布の真相を知る。ツルは感謝の意を示し、再び飛んでいくが、おじいさんとおばあさんはその姿を忘れず、慎ましく暮らす。
jp_005,synthetic_datasets/generated_stories/Japanese/jp_005_v3/gemini/jp_005_gen_01.txt,Japanese,ja,物語は、竹取の翁と妻が竹の筒から生まれた美しい娘・赫映姫を育てる過程を描く。赫映姫の美しさに群がる求婚者たちが次々と失敗し、帝も彼女を宮中に迎えようとするが、赫映姫は月の民であることを理由に拒否。最終的に天界に帰る彼女を止められず、帝は遺した不死の薬を焚き尽くす。物語は悲しみと永遠の思い出として語り継がれる。
jp_005,synthetic_datasets/generated_stories/Japanese/jp_005_v3/gemini/jp_005_gen_02.txt,Japanese,ja,物語は、山里に住む竹取の翁が光る竹から生まれた美女「赫映姫（かぐやひめ）」を育てる過程を描く。多くの求婚者たちが彼女の課した難題を乗り越えようと試みるが、いずれも失敗し、最終的に帝も無理強いをしても彼女は拒否。八月十五日に天人らが現れ、彼女は不死の薬を残して月の国へ帰る。この物語は、美しさと儚さを象徴する伝説として、日本の文化に深く根付いている。
jp_006,synthetic_datasets/generated_stories/Japanese/jp_006_v3/gemini/jp_006_gen_01.txt,Japanese,ja,働き者のおじいさんと心優しいおばあさんは、ずる賢いたぬきの悪行に苦しむが、おじいさんがわなに掛けて捕らえたたぬきを家に連れて帰る。しかし、たぬきはおばあさんをだまし殺し、おじいさんは深い悲しみに暮れる。賢いうさぎに助けられ、たぬきは火を付けて焼け死ぬという報いを受け、悪行の終わりを迎える。
jp_006,synthetic_datasets/generated_stories/Japanese/jp_006_v3/gemini/jp_006_gen_02.txt,Japanese,ja,物語は、悪さを続けるtanukiを捕まえるため、おじいさんがわなを仕掛け、おばあさんが縄を解いてしまうところを悪用してtanukiがおばあさんを殺害するという出来事を描く。その後、tanukiが作成した「ばばあ汁」を味わったおじいさんは悲しみに打ちのめされ、うさぎの助けでtanukiを火で焼かれるか、海に沈ませるという復讐を遂行する。最終的にtanukiは報復され、おじいさんとおばあさんの仇を討たれる。
jp_007,synthetic_datasets/generated_stories/Japanese/jp_007_v3/gemini/jp_007_gen_01.txt,Japanese,ja,正直なおじいさんとおばあさんは、犬のシロの手助けで地元に金を発見し、貧しい人々に分け与える。しかし、欲ばりのおじいさんはシロを殺害し、その灰で作った臼で米を生み出す奇跡を起こすが、偽装して同じことを試みた結果、失敗して捕らえられる。正直な暮らしと恩返しが称賛され、善悪の報いが描かれる。
jp_007,synthetic_datasets/generated_stories/Japanese/jp_007_v3/gemini/jp_007_gen_02.txt,Japanese,ja,正直なおじいさんと忠実な犬白が金の小判を発見し、豊かになるが、欲ばりおじいさんが白を殺害して再現を試みるが失敗。白の灰を用いて庭を春に変え、殿さまに感動させたが、欲ばりおじいさんの無理な模倣は逆に災いを招き、罰を受ける。物語は正直さと純粋な心の力が奇跡を生むことを示す。
jp_009,synthetic_datasets/generated_stories/Japanese/jp_009_v3/gemini/jp_009_gen_01.txt,Japanese,ja,物語は、狡賢い猿が正直な親をだまし、柿の種で交換した結果、親を殺害するという悪行を描く。親の死を悲しむ子供たちは、栗、蜂、昆布、臼などの動物たちと共に復讐を遂行し、猿を最終的に捕らえ、仇を討つ。物語は、正義の勝利と家族の愛を象徴する寓話である。
jp_009,synthetic_datasets/generated_stories/Japanese/jp_009_v3/gemini/jp_009_gen_02.txt,Japanese,ja,物語は、ずる賢い猿さると働き者のかにの親子の物語で、猿さるがかにの親に柿の種を交換させ、後にその実を独占し殺害するという悪行を暴く。かにの子が復讐を決意し、栗くり、蜂、昆布、臼といった仲間を連れて猿さるを討ち、最終的にはさみで首を斬って仇を討つ。
jp_010,synthetic_datasets/generated_stories/Japanese/jp_010_v3/gemini/jp_010_gen_01.txt,Japanese,ja,物語は、貧乏な若者が長谷寺で観音さまに祈り、夢に現れたおじいさんの教え（触れた物を大切に持ち続ける）に従い、わらや鳥、みかん、布、死んだ馬などを通じて運を呼び寄せ、最終的に豊かさと家族を得る物語です。若者の努力と感謝の心が、貧困から脱却する鍵となり、彼は幸福な人生を築きます。
jp_010,synthetic_datasets/generated_stories/Japanese/jp_010_v3/gemini/jp_010_gen_02.txt,Japanese,ja,貧乏な若者が長谷寺で観音さまに祈り、夢で「最初に触れたもの」を大切にすることを教わる。その教えに従い、わらを拾い、それをもとに鳥を捕まえ、感謝を込めて人に与えることで連鎖的に恩を返され、最終的に馬を手に入れ財産を得る。その善行と信仰が、彼を貧しさから救い、家族と繁栄をもたらす。
jp_011,synthetic_datasets/generated_stories/Japanese/jp_011_v3/gemini/jp_011_gen_01.txt,Japanese,ja,物語は、力強い少年金太郎が山で熊を倒し、動物たちを従わせることで名声を博す様子を描く。その後、木こりの武士碓井貞光に導かれ、都へ向かい、名武士源頼光の家来となる。金太郎は新たな名前「坂田金時」をもらい、頼光公の四天王の一人として天下に名を轟かせる。
jp_011,synthetic_datasets/generated_stories/Japanese/jp_011_v3/gemini/jp_011_gen_02.txt,Japanese,ja,物語は、力強い少年金太郎が山中の動物たちと遊ぶ様子を描き、熊を倒して忠実な家来にし、その後他の動物たちも集め相撲を楽しむ内容です。金太郎は木こりの貞光に挑まれ、力比べの末に都へ呼び出され、侍としての名を「坂田金時」と改め、源頼光の家来となることで「頼光四天王」の一人となる運命を遂げます。
jp_012,synthetic_datasets/generated_stories/Japanese/jp_012_v3/gemini/jp_012_gen_01.txt,Japanese,ja,物語は、越後国の田舎に住む働き者の父と心優しい母、そして娘の家族が描かれる。父が京へ出立する際、娘に心を託し、帰宅後に特別な贈り物を渡すが、母が病に倒れ亡くなり、娘は鏡に映る亡き母の姿に慰めを見出す。その後、父が新たな妻を迎えるが、娘の寂しさに気づき、鏡の真実を知る。娘は新たな家族と心を通い、亡き母の記憶を大切にしつつ、希望に満ちた日々を取り戻す。
jp_012,synthetic_datasets/generated_stories/Japanese/jp_012_v3/gemini/jp_012_gen_02.txt,Japanese,ja,物語は、越後国の山間で暮らす父と母、娘の家族が父が京都へ出かけた後、娘に贈られた鏡が母の魂を宿し、母の死後もその存在を通して家族の絆が深まることを描く。父の帰還と母の死を経て、娘は鏡で亡き母とつながり、新たな母親との理解が生まれ、家族が再び温かな絆で結ばれる。
jp_013,synthetic_datasets/generated_stories/Japanese/jp_013_v3/gemini/jp_013_gen_01.txt,Japanese,ja,物語は、山里で貧しいが心優しいおじいさんとおばあさんの暮らしを描く。年末に餅を買うお金がなくなり、おじいさんは雪の道を歩き、お地蔵様たちにかさを分け与える善行を果たす。その結果、お地蔵様たちが報いとして豊かな贈り物を届け、二人は幸せに暮らすという。
jp_013,synthetic_datasets/generated_stories/Japanese/jp_013_v3/gemini/jp_013_gen_02.txt,Japanese,ja,物語は、貧しい山里で暮らす優しいおじいさんとおばあさんの物語です。おじいさんは寒さの中、手作りの菅笠を売りに行く途中で、雪に埋もれた六体のお地蔵様に出会います。商売よりも情を優先し、すべての笠をお地蔵様に分け与え、自分は雪にさらされます。その善行に報いるように、夜遅くに神秘的な歌声とともに豊かなお正月飾りや小判が届き、二人は幸せに暮らすことに。
jp_014,synthetic_datasets/generated_stories/Japanese/jp_014_v3/gemini/jp_014_gen_01.txt,Japanese,ja,物語は、子宝に恵まれない夫婦が明神に祈願し、指ほどの小さな子供「一寸法師」を授かる過程を描く。彼は成長せず小さな体で苦境を乗り越え、都へ向かい魔除けの剣を手に入れる。都で悪霊を退治し、皇室の寵児となるが、最終的には故郷の両親を都に迎え、幸せに暮らす。一寸法師の勇姿は後世に語り伝えられ、尊敬される大人へと成長する。
jp_014,synthetic_datasets/generated_stories/Japanese/jp_014_v3/gemini/jp_014_gen_02.txt,Japanese,ja,物語は、子供を望んだ老夫婦が願い叶い、指ほどの小さな子「一寸法師」を授かり、彼が勇敢かつ賢く成長する物語である。一寸法師はからかいに心を痛め都へ旅立ち、悪霊を退治し、打ち出の小槌で大きく成長。天子の評価を得て将軍に任じられ、美しい姫と結ばれ、家族と共に平和な日々を送る。
jp_015,synthetic_datasets/generated_stories/Japanese/jp_015_v3/gemini/jp_015_gen_01.txt,Japanese,ja,物語は、山里で暮らす働き者のおじいさんと心優しいおばあさんの願いを叶える冒険を描く。おじいさんが山で切り株の穴に落ちたおむすびをきっかけに、ネズミたちと出会う。ネズミたちは魔法の「打ち出の小づち」を贈り、おじいさんとおばあさんはその力で可愛い赤子を得て幸せに暮らす。
jp_015,synthetic_datasets/generated_stories/Japanese/jp_015_v3/gemini/jp_015_gen_02.txt,Japanese,ja,昔、森で木を切りながらお弁当を食べるおじいさんが、落ちたおむすびを穴の中へ落とすと、不思議な歌声が聞こえる。穴を探索したおじいさんは、ネズミたちと出会い、彼らから願いを叶える「打ち出の小づち」を授けられる。おじいさんは小づちを使っておばあさんの願いを叶え、幸せな家庭を築く。
jp_016,synthetic_datasets/generated_stories/Japanese/jp_016_v3/gemini/jp_016_gen_01.txt,Japanese,ja,物語は、右頬に大きな瘤を持つ正直なおじいさんが山で迷い込み、恐ろしい鬼たちに出会うところから始まる。鬼たちはおじいさんの瘤を奪い、悩みを解消させるが、隣の同じ様子のおじいさんは自ら瘤を取ろうと山へ行き、滑稽な踊りで鬼たちを怒らせ、逆に二つの瘤を付けてしまうという皮肉な結末を迎える。
jp_016,synthetic_datasets/generated_stories/Japanese/jp_016_v3/gemini/jp_016_gen_02.txt,Japanese,ja,物語は、右のほおに瘤を持つおじいさんが山で鬼に出会うところから始まり、踊りで瘤を取ってもらうという奇跡的な出来事を描く。しかし、隣の左ほおに瘤を持つおじいさんは同じように鬼に挑戦するが、下手な踊りで逆に右ほおにも瘤を付けられてしまう。物語は、願いが叶うか迷う物語で、人間の欲望とその結果を象徴している。
jp_017,synthetic_datasets/generated_stories/Japanese/jp_017_v3/gemini/jp_017_gen_01.txt,Japanese,ja,貧しい古道具屋が迷い込んだ山でタヌキを助け、その恩を返すため茶釜に化けさせた。茶釜が生き物として暴れる事件を経て、タヌキは町中を驚きの芸で沸かせ、古道具屋を大金持ちに導く。物語は思いやりの心が奇跡を生むことを示す寓話である。
jp_017,synthetic_datasets/generated_stories/Japanese/jp_017_v3/gemini/jp_017_gen_02.txt,Japanese,ja,物語は、山里の古道具屋の主人・金兵衛が、罠にかかる小さなタヌキを助けたことをきっかけに、その恩を返すためタヌキが化けた茶釜を通じて豊かになる物語です。金兵衛は茶釜の力で町で大金を稼ぎ、タヌキはその恩を返すため芸を披露し、二人は豊かに暮らすことを約束します。
jp_018,synthetic_datasets/generated_stories/Japanese/jp_018_v3/gemini/jp_018_gen_01.txt,Japanese,ja,物語は、好奇心旺盛な小坊主が山で栗を収穫するため出かけ、恐ろしい鬼ババに捕らえられるが、和尚から与えられた三枚のお札を駆使して脱出する冒険を描く。お札の力で川や山火事を作り、最終的に鬼ババを和尚の腹に閉じ込め、ハエに変化させるという奇譚。小坊主の智恵と勇気、そしてお札の神秘的な力が物語の核心をなす。
jp_018,synthetic_datasets/generated_stories/Japanese/jp_018_v3/gemini/jp_018_gen_02.txt,Japanese,ja,物語は、栗を収穫したいと願う若い坊主が、恐ろしい鬼ババに捕らえられながらも、和尚から与えられた三枚のお札の力で脱出する冒険を描く。鬼ババを退治するため、坊主はお札で川や山火事を起こし、最終的には和尚が鬼ババを飲み込んで退治するという奇譚。登場人物は坊主、和尚、鬼ババで、お札の不思議な力と鬼ババの変身したハエの伝説が重要な出来事となる。
jp_019,synthetic_datasets/generated_stories/Japanese/jp_019_v3/gemini/jp_019_gen_01.txt,Japanese,ja,物語は、心優しい山里のおじいさんとおばあさんの暮らしを描いた寓話です。貧しいながらも彼らがネズミの相撲を観察し、やせネズミの勝利を願ってお餅を与え、その優しさに感謝したふとっちょネズミが小判を贈るという、分け隔てない思いやりが物語の核心です。結果として、彼らの生活は豊かさと幸せへと変わります。
jp_019,synthetic_datasets/generated_stories/Japanese/jp_019_v3/gemini/jp_019_gen_02.txt,Japanese,ja,物語は、質素な暮らしの中で優しく助け合うおじいさんとおばあさんの物語です。彼らは、力が弱いやせネズミを助けようと、おもちをあげて体力をつけてあげ、やせネズミがすもうで勝利する様子を喜びます。その結果、やせネズミは強くなり、ふとっちょネズミと友好を築き、おじいさんたちに感謝の小判を贈るという感動の結末を迎えます。
jp_020,synthetic_datasets/generated_stories/Japanese/jp_020_v3/gemini/jp_020_gen_01.txt,Japanese,ja,物語は、心優しい貧しい男・太郎が道端で助けた白髪の老紳士から不思議な石うすを贈られ、その力で豊かになるが、欲深い兄・次郎が石を盗んで使いこなせず海に沈むという物語。石うすは右回しで願いを叶え、左回しで止められるが、次郎は忠告を忘れて塩を出し続け、船が沈む。その結果、海の塩分が増したという寓話である。
jp_020,synthetic_datasets/generated_stories/Japanese/jp_020_v3/gemini/jp_020_gen_02.txt,Japanese,ja,物語は、貧しいが心優しい農夫太郎が、不思議な力を持つ石うすを手に入れるが、それを弟の吾郎が盗んで使いすぎた結果、海に沈んでしまったという寓話である。太郎は石うすで豊かになるが、吾郎は欲に駆られて石うすを盗み、塩を大量に作り出すが、過度な貪欲で船が沈み、石うすは海の底で今も塩を吐き続けている。物語は「欲の害」を教えている。
