span_name	story_name	start	end	event_id	event_type	time_order
CH_002_牛郎织女_0_214	CH_002_牛郎织女	0	214	05828210-380c-4e6f-936c-d5164c1524f6	OTHER	1
CH_002_牛郎织女_215_297	CH_002_牛郎织女	215	297	38bb88d7-ed7a-402f-a2b1-6baa1c0f5840	VILLAINY	2
CH_002_牛郎织女_363_401	CH_002_牛郎织女	363	401	262880a0-126d-4734-9786-dcb806220381	LACK	4
CH_002_牛郎织女_298_363	CH_002_牛郎织女	298	363	317d5e4b-255a-4acb-a23d-206a5e4afeb2	OTHER	3
CH_002_牛郎织女_402_514	CH_002_牛郎织女	402	514	51923dc8-acf0-477d-b540-36baccc032fd	GUIDANCE	5
CH_002_牛郎织女_515_753	CH_002_牛郎织女	515	753	fbbacb08-5f24-480e-8fdb-3a9fed2da817	LIQUIDATION	6
CH_002_牛郎织女_819_908	CH_002_牛郎织女	819	908	2865c3b3-8f6e-4247-afb4-ed81b0d3cd98	VILLAINY	8
CH_002_牛郎织女_754_818	CH_002_牛郎织女	754	818	6317923a-117f-4f21-a69d-5dd96f69b92a	LIQUIDATION	7
CH_002_牛郎织女_1413_1549	CH_002_牛郎织女	1413	1549	57c3dded-bfbd-4335-aa4a-413524a8c7d5	STRUGGLE	9
CH_002_牛郎织女_908_1055	CH_002_牛郎织女	908	1055	098695bb-91a7-4a58-b32d-46325ac17351	VILLAINY	9
CH_002_牛郎织女_1056_1212	CH_002_牛郎织女	1056	1212	cdbee6a6-dc9b-4040-8ce9-1e48d382acb3	RECEIPT_OF_AGENT	10
CH_002_牛郎织女_1213_1412	CH_002_牛郎织女	1213	1412	64e5afbc-b36a-4fda-a2ef-78bb6c13fa83	VILLAINY	11
CH_002_牛郎织女_1549_1692	CH_002_牛郎织女	1549	1692	1dcdf54d-0930-41fd-a1b4-b4c4d2113162	VICTORY	12
CH_002_牛郎织女_1693_1959	CH_002_牛郎织女	1693	1959	e9a8526d-44ac-4793-a415-c1d4a526fa3e	SOLUTION	13
CH_003_孟姜女哭长城_1287_1517	CH_003_孟姜女哭长城	1287	1517	ea26428b-63bc-4f13-95a6-7fb8c40bdea2	RESCUE	4
CH_003_孟姜女哭长城_1518_1798	CH_003_孟姜女哭长城	1518	1798	24e03b97-5899-4997-b8cb-93d9339ea99c	WEDDING	5
CH_003_孟姜女哭长城_1799_2043	CH_003_孟姜女哭长城	1799	2043	428f4443-29ff-4369-bf5c-f4db0c30c76c	VILLAINY	6
CH_003_孟姜女哭长城_2235_2292	CH_003_孟姜女哭长城	2235	2292	00623686-66b6-45e6-824f-0fa8a8bf7889	DEPARTURE	8
CH_003_孟姜女哭长城_2293_2477	CH_003_孟姜女哭长城	2293	2477	ef4e8f0b-1b02-4bc0-8024-f55b931b5730	BEGINNING_COUNTERACTION	9
CH_003_孟姜女哭长城_2478_2849	CH_003_孟姜女哭长城	2478	2849	8ad82eb9-12aa-4a72-8007-fdd48c5cd4bf	GUIDANCE	10
CH_003_孟姜女哭长城_2850_2959	CH_003_孟姜女哭长城	2850	2959	0eace64f-3fcf-4f61-b167-6c67a777d956	GUIDANCE	11
CH_003_孟姜女哭长城_3091_3291	CH_003_孟姜女哭长城	3091	3291	735d048e-504f-47c8-9060-a0c335fa59c4	VILLAINY	12
CH_003_孟姜女哭长城_3292_3677	CH_003_孟姜女哭长城	3292	3677	15f5c6c3-ed52-4047-ab8b-b98c2d7a616f	EXPOSURE	13
CH_003_孟姜女哭长城_3677_3867	CH_003_孟姜女哭长城	3677	3867	f7d6957a-a672-4706-b314-340bace74377	RECOGNITION	14
CH_003_孟姜女哭长城_3868_4037	CH_003_孟姜女哭长城	3868	4037	613041ee-1096-4ec1-bdc8-adf4e716cbc6	RECONNAISSANCE	15
CH_003_孟姜女哭长城_4038_4356	CH_003_孟姜女哭长城	4038	4356	aa9df0a0-0181-4edf-a2d4-5a987f837a6a	PURSUIT	16
CH_003_孟姜女哭长城_4357_4935	CH_003_孟姜女哭长城	4357	4935	cc0309f6-f040-43a3-8468-f05eaea5105f	STRUGGLE	17
CH_003_孟姜女哭长城_4936_5500	CH_003_孟姜女哭长城	4936	5500	37a7d01c-85e8-45cb-b7cf-6b984eb4dffb	SOLUTION	18
CH_003_孟姜女哭长城_5501_5582	CH_003_孟姜女哭长城	5501	5582	947e61be-73b5-40d5-bffa-6e65556a0b69	PUNISHMENT	19
CH_003_孟姜女哭长城_5583_5646	CH_003_孟姜女哭长城	5583	5646	b6f08e5d-859e-4309-abba-60a07484cc3f	TRANSFIGURATION	20
CH_003_孟姜女哭长城_0_600	CH_003_孟姜女哭长城	0	600	9b86472e-3e87-4555-a0f1-58540deb9edf	VILLAINY	1
CH_003_孟姜女哭长城_2044_2234	CH_003_孟姜女哭长城	2044	2234	7af49b50-2903-40cc-a2db-fd59b6854722	ABSENTATION	7
CH_003_孟姜女哭长城_601_887	CH_003_孟姜女哭长城	601	887	55384b2a-47e9-4ebe-bc08-87d847c9f9ed	VILLAINY	2
CH_003_孟姜女哭长城_888_1286	CH_003_孟姜女哭长城	888	1286	5a7bbfef-984e-4ee6-86c2-08e2e670203a	BRANDING	3
CH_004_梁山伯与祝英台_229_850	CH_004_梁山伯与祝英台	229	850	e18c50b8-22bc-4336-994d-4732117cbaea	BEGINNING_COUNTERACTION	2
CH_004_梁山伯与祝英台_0_228	CH_004_梁山伯与祝英台	0	228	f67c55cf-3b7c-40fd-8140-01bdcffe65bd	INTERDICTION	1
CH_004_梁山伯与祝英台_851_958	CH_004_梁山伯与祝英台	851	958	391c105f-39f0-4b10-b54f-8f63e370f1ca	UNRECOGNIZED_ARRIVAL	3
CH_004_梁山伯与祝英台_959_1163	CH_004_梁山伯与祝英台	959	1163	2921cd56-7c39-4060-8aa4-0dca66520421	FIRST_FUNCTION_DONOR	4
CH_004_梁山伯与祝英台_1157_1344	CH_004_梁山伯与祝英台	1157	1344	5915a20d-f495-45cc-a337-a60db959599f	RECEIPT_OF_AGENT	5
CH_004_梁山伯与祝英台_1345_1574	CH_004_梁山伯与祝英台	1345	1574	0200683e-56e8-45a7-979f-5cadb5eb2157	RECOGNITION	6
CH_004_梁山伯与祝英台_1575_1656	CH_004_梁山伯与祝英台	1575	1656	400d6611-c55d-4a3c-a0f3-f39eab89845d		7
CH_004_梁山伯与祝英台_1657_2275	CH_004_梁山伯与祝英台	1657	2275	64b57c80-63f2-4095-b728-c5f9577e1439		8
CH_004_梁山伯与祝英台_2276_2672	CH_004_梁山伯与祝英台	2276	2672	c185f807-6abb-4b06-abbf-dd00edbf9572		9
CH_004_梁山伯与祝英台_2673_2871	CH_004_梁山伯与祝英台	2673	2871	da60e2ff-fe90-4f05-bccb-49192d7f5cc9		10
CH_004_梁山伯与祝英台_2872_3211	CH_004_梁山伯与祝英台	2872	3211	c84faeef-5c89-412c-829e-40476994e3e2	TRANSFIGURATION	11
CH_004_梁山伯与祝英台_3212_3500	CH_004_梁山伯与祝英台	3212	3500	c00edb18-7c3f-4466-a416-19a8c98fafe4		12
CH_004_梁山伯与祝英台_3501_3814	CH_004_梁山伯与祝英台	3501	3814	9ef4ad7b-319c-4778-bdb2-76aeee3ec7f7	STRUGGLE	13
CH_004_梁山伯与祝英台_3815_3931	CH_004_梁山伯与祝英台	3815	3931	88aa4e32-dd51-481a-82da-a25f119f7014		14
CH_004_梁山伯与祝英台_3931_4193	CH_004_梁山伯与祝英台	3931	4193	8283437b-309f-43ef-9e03-74969d253ce3		15
CH_004_梁山伯与祝英台_4194_4887	CH_004_梁山伯与祝英台	4194	4887	96c9fd89-2885-4b71-a6eb-291a45b738a1		16
CH_004_梁山伯与祝英台_4888_5130	CH_004_梁山伯与祝英台	4888	5130	533714b4-4c49-482e-9dfa-9cf0e5b09012	LACK	17
CH_004_梁山伯与祝英台_5131_5245	CH_004_梁山伯与祝英台	5131	5245	e3ebab93-60f9-4c6f-a815-22442c528d88	BEGINNING_COUNTERACTION	18
CH_004_梁山伯与祝英台_5246_5361	CH_004_梁山伯与祝英台	5246	5361	f41eda5c-826f-4710-8d9e-71d1f4505ff8	BEGINNING_COUNTERACTION	19
CH_004_梁山伯与祝英台_5362_5492	CH_004_梁山伯与祝英台	5362	5492	ddff7ac7-b7f4-45e6-9505-d7420476d800	STRUGGLE	20
CH_004_梁山伯与祝英台_5492_5599	CH_004_梁山伯与祝英台	5492	5599	b3a24f4d-54a8-40e6-a6e2-844dfe3c5026	RECEIPT_OF_AGENT	21
CH_004_梁山伯与祝英台_5600_5788	CH_004_梁山伯与祝英台	5600	5788	8f441622-589c-4e85-a527-039b5f773deb	WEDDING	22
CH_005_白蛇传_1226_1565	CH_005_白蛇传	1226	1565	c3fd911b-ae53-48fc-b167-0aec242ec3e6	OTHER	10
CH_005_白蛇传_0_77	CH_005_白蛇传	0	77	f9ab0892-dd68-4578-b690-5b08921f8ccf	Initial Situation	1
CH_005_白蛇传_78_162	CH_005_白蛇传	78	162	e4dd0792-1834-444a-91fc-88f10421ffa4	VILLAINY	2
CH_005_白蛇传_370_506	CH_005_白蛇传	370	506	e3db673a-1f50-48e3-9032-94ff86984368	RESCUE	4
CH_005_白蛇传_163_369	CH_005_白蛇传	163	369	fd96e43e-1204-4363-946a-f8d16a6491ee	STRUGGLE	3
CH_005_白蛇传_507_702	CH_005_白蛇传	507	702	12cf6ff8-4514-4943-874f-5b9bee1eed80	UNRECOGNIZED_ARRIVAL	5
CH_005_白蛇传_703_862	CH_005_白蛇传	703	862	10f9ad39-cb0a-4a58-8add-ddda626924dd	HERO_REACTION	6
CH_005_白蛇传_862_959	CH_005_白蛇传	862	959	145e5279-1009-4bc0-afd5-9f4ed79d5663	RECEIPT_OF_AGENT	7
CH_005_白蛇传_960_1225	CH_005_白蛇传	960	1225	8d031b4b-5137-420d-a3c0-5dc850558809		8
CH_006_花木兰从军_0_125	CH_006_花木兰从军	0	125	20e0bc4b-f84a-4569-956a-cbd4b6908af7	Initial Situation	1
CH_006_花木兰从军_126_332	CH_006_花木兰从军	126	332	1701e9ae-2cd5-426c-b1c5-df4c404d99f2		2
CH_006_花木兰从军_333_437	CH_006_花木兰从军	333	437	c7550112-5e65-45bd-990f-680734b5c411		3
CH_006_花木兰从军_438_568	CH_006_花木兰从军	438	568	67f3cd2d-6d27-4993-a2a1-2339d643dd98		4
CH_006_花木兰从军_568_707	CH_006_花木兰从军	568	707	bf8d2e64-6a94-4d11-ac3c-76bf4c52e74a		5
CH_006_花木兰从军_707_925	CH_006_花木兰从军	707	925	c28e4d9e-29a6-4f85-84dd-e1d241e7061e		6
CH_006_花木兰从军_926_1296	CH_006_花木兰从军	926	1296	e91dccba-77e1-4828-9c40-7fdc08e07afb		7
CH_006_花木兰从军_1297_1451	CH_006_花木兰从军	1297	1451	0f48c09f-ace1-41cf-8494-5a557348cafa		8
CH_006_花木兰从军_1452_1608	CH_006_花木兰从军	1452	1608	1d038f63-af70-4f6d-bc76-57bf328d5081		9
CH_006_花木兰从军_1609_1700	CH_006_花木兰从军	1609	1700	e8fcd5bc-c5fd-46a9-8670-18b7a916b01a		10
CH_006_花木兰从军_1700_1780	CH_006_花木兰从军	1700	1780	44051554-1387-470d-b5cc-53d780f04d2a		11
CH_006_花木兰从军_1781_1890	CH_006_花木兰从军	1781	1890	ecab7c52-9984-4c9d-ae86-fb5f82b69167		12
CH_006_花木兰从军_1891_1990	CH_006_花木兰从军	1891	1990	c6b9db18-f73e-4c03-9b46-da6da84091fa		13
CH_006_花木兰从军_1991_2070	CH_006_花木兰从军	1991	2070	a123d827-3a29-452c-9950-e7c1295e8bad		14
CH_006_花木兰从军_2071_2218	CH_006_花木兰从军	2071	2218	5dbe640d-6eea-4b22-8699-ee6d1cb55a4a		15
CH_006_花木兰从军_2219_2384	CH_006_花木兰从军	2219	2384	2c038325-0bad-42ff-b80d-46830c1bfb3f		16
CH_006_花木兰从军_2385_2421	CH_006_花木兰从军	2385	2421	065a71a9-1e7a-4198-8dda-a3df18d46290		17
CH_006_花木兰从军_2422_2475	CH_006_花木兰从军	2422	2475	90f715dd-428c-4f15-86c5-95c10f87e3e0		18
CH_007_嫦娥奔月_0_127	CH_007_嫦娥奔月	0	127	1c31a618-047e-4da9-8aa7-0e08270409ec	SOLUTION	1
CH_007_嫦娥奔月_128_185	CH_007_嫦娥奔月	128	185	75043d20-3a1b-4b96-812f-a124181d61ff	TRICKERY	2
CH_007_嫦娥奔月_185_289	CH_007_嫦娥奔月	185	289	e3a01e45-29cb-49d2-bedb-3cef68429b37	RECEIPT_OF_AGENT	3
CH_007_嫦娥奔月_289_377	CH_007_嫦娥奔月	289	377	139f07e6-066d-4329-bf2a-2b77871ac32e	VILLAINY	4
CH_007_嫦娥奔月_377_418	CH_007_嫦娥奔月	377	418	fca14a75-7245-4a99-bca1-54d694792e50	STRUGGLE	5
CH_007_嫦娥奔月_418_471	CH_007_嫦娥奔月	418	471	c41ff3c8-35f9-47f7-a97a-1b3f35ec5e67	STRUGGLE	6
CH_007_嫦娥奔月_471_538	CH_007_嫦娥奔月	471	538	496f9260-ab19-42a2-a20e-22efe0f25825	TRANSFIGURATION	7
CH_007_嫦娥奔月_539_711	CH_007_嫦娥奔月	539	711	fcb692be-a2af-46f8-9350-a9363bee04c0	ABSENTATION	8
CH_012_后羿射日_0_927	CH_012_后羿射日	0	927	0fcd80cc-2cd1-42b7-9f01-38b7bf19fa1a	VILLAINY	1
CH_012_后羿射日_928_1559	CH_012_后羿射日	928	1559	86681bf5-c31f-45a2-b224-ac8213bd7af9	BEGINNING_COUNTERACTION	2
CH_012_后羿射日_1560_1701	CH_012_后羿射日	1560	1701	792c918d-74db-47e3-8e4e-8186ad585bed	DIFFICULT_TASK	3
CH_012_后羿射日_1702_1848	CH_012_后羿射日	1702	1848	2ca1846d-db3a-402b-bc54-aa3bd2dd7d63	SOLUTION	4
CH_012_后羿射日_1849_1883	CH_012_后羿射日	1849	1883	10ff17b3-a13c-4807-a4e8-b39dd3594d66	WEDDING	5
CH_014_武松打虎_0_337	CH_014_武松打虎	0	337	2f762f67-28ab-4c6d-8c8b-36a22a2dc40c	gamma	3
EN_001_The_Lion_and_the_Crane_0_134	EN_001_The_Lion_and_the_Crane	0	134	f0d1b9cb-a8fa-4586-9055-c6787fd5b570	Initial Situation	1
EN_001_The_Lion_and_the_Crane_135_288	EN_001_The_Lion_and_the_Crane	135	288	76da3dc2-6bac-4c00-a8a5-1ce267023fbf	LACK	2
EN_001_The_Lion_and_the_Crane_288_573	EN_001_The_Lion_and_the_Crane	288	573	d415b1d7-f9f0-4806-9e25-6f9cc6286be9	BEGINNING_COUNTERACTION	3
EN_001_The_Lion_and_the_Crane_705_916	EN_001_The_Lion_and_the_Crane	705	916	317c8f58-4ac7-4ead-97a3-4afdcfff9e16	LIQUIDATION	4
EN_001_The_Lion_and_the_Crane_1146_1392	EN_001_The_Lion_and_the_Crane	1146	1392	8cc9cb48-4c61-4e8f-863c-6f12dff1db02	DIFFICULT_TASK	5
EN_001_The_Lion_and_the_Crane_1393_1554	EN_001_The_Lion_and_the_Crane	1393	1554	32591099-a4c1-44dc-81ba-eb4d45daad95	UNFOUNDED_CLAIMS	6
EN_001_The_Lion_and_the_Crane_1555_1884	EN_001_The_Lion_and_the_Crane	1555	1884	ce371dbc-28c2-49f3-b887-06451f54fe03	DEPARTURE	7
EN_001_The_Lion_and_the_Crane_1967_2053	EN_001_The_Lion_and_the_Crane	1967	2053	06e16c28-a7d3-42d7-add2-b4521dc17712	TRANSFIGURATION	8
EN_002_How_the_Raja's_Son_won_the_Princess_Labam_82_221	EN_002_How_the_Raja's_Son_won_the_Princess_Labam	82	221	c0191b46-bda4-475f-bfc5-2c7810e5414d	INTERDICTION	1
EN_002_How_the_Raja's_Son_won_the_Princess_Labam_720_981	EN_002_How_the_Raja's_Son_won_the_Princess_Labam	720	981	bef121a7-9687-4768-a333-0b0054fee150	VIOLATION	2
EN_002_How_the_Raja's_Son_won_the_Princess_Labam_1127_1501	EN_002_How_the_Raja's_Son_won_the_Princess_Labam	1127	1501	631488ab-2f2a-4ac2-a646-56f6d55b8286	MEDIATION	3
EN_002_How_the_Raja's_Son_won_the_Princess_Labam_2366_2857	EN_002_How_the_Raja's_Son_won_the_Princess_Labam	2366	2857	48c09ddb-5e6d-4d53-8739-72d5f0665782	DEPARTURE	4
EN_002_How_the_Raja's_Son_won_the_Princess_Labam_3332_3792	EN_002_How_the_Raja's_Son_won_the_Princess_Labam	3332	3792	66c85ae3-1574-4b06-906f-699f13a3a8b1	FIRST_FUNCTION_DONOR	5
EN_002_How_the_Raja's_Son_won_the_Princess_Labam_4091_5470	EN_002_How_the_Raja's_Son_won_the_Princess_Labam	4091	5470	50ea49e3-6c34-4481-b222-4c40a6cfd062	FIRST_FUNCTION_DONOR	6
EN_002_How_the_Raja's_Son_won_the_Princess_Labam_6222_7105	EN_002_How_the_Raja's_Son_won_the_Princess_Labam	6222	7105	373e92dd-07fe-4599-a797-15b26da45df1	RECEIPT_OF_AGENT	7
EN_002_How_the_Raja's_Son_won_the_Princess_Labam_7172_7891	EN_002_How_the_Raja's_Son_won_the_Princess_Labam	7172	7891	cde8369e-92b2-4ffc-9b38-9eae14b94146	UNRECOGNIZED_ARRIVAL	8
EN_002_How_the_Raja's_Son_won_the_Princess_Labam_10076_10341	EN_002_How_the_Raja's_Son_won_the_Princess_Labam	10076	10341	fd1cf171-20e6-4689-8ade-fc14f148873c	RECONNAISSANCE	9
EN_002_How_the_Raja's_Son_won_the_Princess_Labam_11367_11512	EN_002_How_the_Raja's_Son_won_the_Princess_Labam	11367	11512	58c98fb0-cbee-4902-9719-d5adeb8a22d3	RECONNAISSANCE	10
EN_002_How_the_Raja's_Son_won_the_Princess_Labam_12373_12989	EN_002_How_the_Raja's_Son_won_the_Princess_Labam	12373	12989	9d6ee17f-4532-494d-921b-6f29c05b7ed7	WEDDING	11
EN_002_How_the_Raja's_Son_won_the_Princess_Labam_13349_13488	EN_002_How_the_Raja's_Son_won_the_Princess_Labam	13349	13488	def89085-d519-4ee6-9b61-10ecf39f745c	DIFFICULT_TASK	12
EN_002_How_the_Raja's_Son_won_the_Princess_Labam_14929_15558	EN_002_How_the_Raja's_Son_won_the_Princess_Labam	14929	15558	021ef16c-2515-4b3b-90f1-7e41bcb1534e	SOLUTION	13
EN_002_How_the_Raja's_Son_won_the_Princess_Labam_15619_15935	EN_002_How_the_Raja's_Son_won_the_Princess_Labam	15619	15935	daf9b43f-ad88-4028-b81f-488a8e9bcf46	DIFFICULT_TASK	14
EN_002_How_the_Raja's_Son_won_the_Princess_Labam_16215_17221	EN_002_How_the_Raja's_Son_won_the_Princess_Labam	16215	17221	6dec7783-481e-4b37-adc9-ea9f50acc757	SOLUTION	15
EN_002_How_the_Raja's_Son_won_the_Princess_Labam_17222_17417	EN_002_How_the_Raja's_Son_won_the_Princess_Labam	17222	17417	f3723c7a-c32c-46eb-8904-48d49b3c20e5	DIFFICULT_TASK	16
EN_002_How_the_Raja's_Son_won_the_Princess_Labam_17581_17685	EN_002_How_the_Raja's_Son_won_the_Princess_Labam	17581	17685	742dc4ab-0133-494b-9cd7-2901689964cc	SOLUTION	17
EN_002_How_the_Raja's_Son_won_the_Princess_Labam_18064_18136	EN_002_How_the_Raja's_Son_won_the_Princess_Labam	18064	18136	149f9822-6154-4de0-bb6d-77a0af51bf02	DIFFICULT_TASK	18
EN_002_How_the_Raja's_Son_won_the_Princess_Labam_18064_18136	EN_002_How_the_Raja's_Son_won_the_Princess_Labam	18064	18136	ef4f5209-b330-4327-bcf5-fcb94bfaf8ce	SOLUTION	19
EN_002_How_the_Raja's_Son_won_the_Princess_Labam_19319_19769	EN_002_How_the_Raja's_Son_won_the_Princess_Labam	19319	19769	bc119550-5b8b-4e12-afe2-6144c4854225	WEDDING	20
EN_003_The Lambikin_126_250	EN_003_The Lambikin	126	250	d738a01d-9009-405f-a22d-9363bc37818c	ABSENTATION	1
EN_003_The Lambikin_251_372	EN_003_The Lambikin	251	372	da9926ab-61f2-47e4-ab9a-10166f01393b	INTERDICTION	2
EN_003_The Lambikin_421_557	EN_003_The Lambikin	421	557	b545da4f-02b3-4c06-973c-3c990af77c54	OTHER	3
EN_003_The Lambikin_558_880	EN_003_The Lambikin	558	880	57f9abdc-d501-45a4-a5de-8745ae41b440	OTHER	4
EN_003_The Lambikin_881_1184	EN_003_The Lambikin	881	1184	92eb9811-b93e-4f7e-9f9c-061967446455	OTHER	5
EN_003_The Lambikin_1185_1645	EN_003_The Lambikin	1185	1645	265e0a0b-49cf-4345-8b76-b677aa7b16ff	BRANDING	6
EN_003_The Lambikin_1787_2185	EN_003_The Lambikin	1787	2185	918889bd-0ddc-46d1-8261-6586bb83f192	RECEIPT_OF_AGENT	7
EN_003_The Lambikin_2187_2958	EN_003_The Lambikin	2187	2958	f5ce4945-8042-4ed3-ad6f-b92cb744a274	RETURN	8
EN_003_The Lambikin_2959_3412	EN_003_The Lambikin	2959	3412	a774a6c9-a4f8-41d5-9034-a2d065c3e676	EXPOSURE	9
EN_003_The Lambikin_2959_3412	EN_003_The Lambikin	2959	3412	b23afbaf-2658-4ccf-84a8-ec73db3c7638	PUNISHMENT	10
EN_004_Punchkin_3470_3676	EN_004_Punchkin	3470	3676	223870ef-02cc-4753-8864-a9991c252bfa	Initial Situation	1
EN_004_Punchkin_4147_4508	EN_004_Punchkin	4147	4508	96bf6836-70b3-42d3-ac96-60fe24ac3441	RECEIPT_OF_AGENT	2
EN_004_Punchkin_4147_4508	EN_004_Punchkin	4147	4508	8eeec2f9-f063-42e1-a189-72609b6f7726	OTHER	3
EN_004_Punchkin_10407_10753	EN_004_Punchkin	10407	10753	0f670608-3531-4c05-876c-30e1af2d9668	WEDDING	4
EN_004_Punchkin_11534_11861	EN_004_Punchkin	11534	11861	4c5b3fd4-9db7-430c-aa79-913e950088a0	ABSENTATION	5
EN_004_Punchkin_12586_13524	EN_004_Punchkin	12586	13524	4b330c3d-3bf5-417c-b2a1-fdfaa30158de	VILLAINY	6
EN_004_Punchkin_14409_15171	EN_004_Punchkin	14409	15171	13d40aad-1c24-4933-8afc-5539d7d583d0	DEPARTURE	7
EN_004_Punchkin_16832_16918	EN_004_Punchkin	16832	16918	ef109007-4f2f-4157-896d-ad882fce1d1f	GUIDANCE	8
EN_004_Punchkin_18517_19662	EN_004_Punchkin	18517	19662	231d1e27-59aa-40e5-bb94-9e0a147b1402	RECONNAISSANCE	9
EN_004_Punchkin_19426_20906	EN_004_Punchkin	19426	20906	57e15be1-284c-44b9-a711-5771e3021925	COMPLICITY	10
EN_004_Punchkin_21993_22617	EN_004_Punchkin	21993	22617	cde0dc9e-abc1-4bc4-b8c2-23f0b9bd9bec	RECEIPT_OF_AGENT	11
EN_004_Punchkin_24445_26084	EN_004_Punchkin	24445	26084	4389d6bc-a625-4299-9921-f7b5e12a6d37	VICTORY	12
EN_005_The_Broken_Pot_102_285	EN_005_The_Broken_Pot	102	285	72f286a5-d13a-4764-ac01-65cbafa03f72	Initial Situation	1
EN_005_The_Broken_Pot_290_857	EN_005_The_Broken_Pot	290	857	e83b2704-ad16-4535-9f1b-8bf5ea77a9ed	MEDIATION	2
EN_005_The_Broken_Pot_909_1464	EN_005_The_Broken_Pot	909	1464	48d612d8-794f-484e-a16f-2b4801c39ef4	UNFOUNDED_CLAIMS	3
EN_005_The_Broken_Pot_1519_1644	EN_005_The_Broken_Pot	1519	1644	94ff8d1b-e89c-48d2-94b3-d3cc3e1451b6	OTHER	4
EN_005_The_Broken_Pot_1645_1761	EN_005_The_Broken_Pot	1645	1761	58eff05d-bc76-4b86-aa0f-3f61af4b958b	OTHER	5
EN_006_The_Magic_Fiddle_198_949	EN_006_The_Magic_Fiddle	198	949	ad2570f5-1bfd-4954-811a-0141ee7ca7c3	VILLAINY	1
EN_006_The_Magic_Fiddle_1534_2218	EN_006_The_Magic_Fiddle	1534	2218	d8ce288f-29b6-42c4-9339-a2c0856bbd65	VILLAINY	2
EN_006_The_Magic_Fiddle_2221_2331	EN_006_The_Magic_Fiddle	2221	2331	dc81bd78-7d13-49dc-bfa9-3b9a44d2c965	TRANSFIGURATION	3
EN_006_The_Magic_Fiddle_2331_3218	EN_006_The_Magic_Fiddle	2331	3218	6feabc22-904d-4aa5-9673-0d8b3ee51f81	RECEIPT_OF_AGENT	4
EN_006_The_Magic_Fiddle_3968_3972	EN_006_The_Magic_Fiddle	3968	3972	3722719e-bebc-4266-833c-47bc1d6f1385	OTHER	5
EN_006_The_Magic_Fiddle_4814_5039	EN_006_The_Magic_Fiddle	4814	5039	1ae0a7eb-19bb-4f22-b03f-bfb6f270e331	UNRECOGNIZED_ARRIVAL	6
EN_006_The_Magic_Fiddle_5760_6160	EN_006_The_Magic_Fiddle	5760	6160	d2723caa-1285-4572-9585-ec30f4e1a294	WEDDING	7
EN_006_The_Magic_Fiddle_5760_6160	EN_006_The_Magic_Fiddle	5760	6160	dca13f7e-7caa-4a5e-8122-4d9db843c376	RECOGNITION	8
EN_007_The_Cruel_Crane_Outwitted_0_106	EN_007_The_Cruel_Crane_Outwitted	0	106	c7d4f2c9-a0a0-4163-81e4-7e78b949ecdb	Initial Situation	1
EN_007_The_Cruel_Crane_Outwitted_283_1017	EN_007_The_Cruel_Crane_Outwitted	283	1017	118dc25e-234b-4373-9e94-afe5339b0a4f	OTHER	2
EN_007_The_Cruel_Crane_Outwitted_1180_1491	EN_007_The_Cruel_Crane_Outwitted	1180	1491	ee5bf66e-dc14-4b29-9c16-4410389339c1	RECONNAISSANCE	3
EN_007_The_Cruel_Crane_Outwitted_1492_1495	EN_007_The_Cruel_Crane_Outwitted	1492	1495	fdf7fec7-171c-4ccf-968a-80d6f94bded5	OTHER	4
EN_007_The_Cruel_Crane_Outwitted_1913_2256	EN_007_The_Cruel_Crane_Outwitted	1913	2256	6278b2b2-b993-4509-a859-d6a87fe290f4	VILLAINY	5
EN_007_The_Cruel_Crane_Outwitted_2256_3214	EN_007_The_Cruel_Crane_Outwitted	2256	3214	f14cf668-d92e-4a51-abc7-2297eeaf6a5c	OTHER	6
EN_007_The_Cruel_Crane_Outwitted_3750_4337	EN_007_The_Cruel_Crane_Outwitted	3750	4337	8d9c6475-02be-4bba-a1c4-3435fc96c741	STRUGGLE	7
EN_007_The_Cruel_Crane_Outwitted_4337_4813	EN_007_The_Cruel_Crane_Outwitted	4337	4813	f4608408-90bd-41b3-91d3-4a91d775889d	PUNISHMENT	8
EN_007_The_Cruel_Crane_Outwitted_4968_5127	EN_007_The_Cruel_Crane_Outwitted	4968	5127	8c5843dd-c531-44ca-9a72-985a67c7bddb	TRANSFIGURATION	9
EN_008_The_Tiger_the_Brahman_and_the_Jackal_17_147	EN_008_The_Tiger_the_Brahman_and_the_Jackal	17	147	c410487d-d668-4f03-a6d0-ecb6187bd0bb	Initial Situation	1
EN_008_The_Tiger_the_Brahman_and_the_Jackal_148_595	EN_008_The_Tiger_the_Brahman_and_the_Jackal	148	595	c69116f1-899b-4d11-968a-26fa9aa27549	INTERDICTION	2
EN_008_The_Tiger_the_Brahman_and_the_Jackal_595_772	EN_008_The_Tiger_the_Brahman_and_the_Jackal	595	772	8e55492c-0327-4449-b3f4-a6d340935815	VILLAINY	3
EN_008_The_Tiger_the_Brahman_and_the_Jackal_965_1257	EN_008_The_Tiger_the_Brahman_and_the_Jackal	965	1257	e6d3792e-b691-4b71-b98c-28aed08ef1b0	OTHER	4
EN_008_The_Tiger_the_Brahman_and_the_Jackal_1258_1578	EN_008_The_Tiger_the_Brahman_and_the_Jackal	1258	1578	e912e367-dcbd-44b8-a816-647ef8b63517	OTHER	5
EN_008_The_Tiger_the_Brahman_and_the_Jackal_1906_2590	EN_008_The_Tiger_the_Brahman_and_the_Jackal	1906	2590	d0b6c1ca-82fa-4979-b4dc-4c8692a96f51	FIRST_FUNCTION_DONOR	7
EN_008_The_Tiger_the_Brahman_and_the_Jackal_1906_2590	EN_008_The_Tiger_the_Brahman_and_the_Jackal	1906	2590	8c6d8e07-78af-46b4-bdf0-26367ea71ac4	TRICKERY	8
EN_008_The_Tiger_the_Brahman_and_the_Jackal_1906_2590	EN_008_The_Tiger_the_Brahman_and_the_Jackal	1906	2590	4363cae8-5566-4e14-84f0-96ecb074ac32	VICTORY	9
EN_009_Harisarman_0_940	EN_009_Harisarman	0	940	c78d1216-2a3b-4f08-be02-a1d3de949f5c	LACK	1
EN_009_Harisarman_941_1670	EN_009_Harisarman	941	1670	88af4eb2-e9ef-4b51-be99-56df278ef7aa	OTHER	2
EN_009_Harisarman_1671_2529	EN_009_Harisarman	1671	2529	6a1d5dde-6933-451f-9115-3054307be512	TRICKERY	3
EN_009_Harisarman_2742_3132	EN_009_Harisarman	2742	3132	bb57f070-098c-4c47-841d-7d5d357fcb86	DIFFICULT_TASK	4
EN_009_Harisarman_3508_3868	EN_009_Harisarman	3508	3868	0ccee174-484d-4677-b954-da1a6145b38d	RECOGNITION	5
EN_009_Harisarman_3508_3868	EN_009_Harisarman	3508	3868	3d88f817-c24d-475d-8bac-dd4c54010ab5	LIQUIDATION	6
EN_009_Harisarman_5270_5836	EN_009_Harisarman	5270	5836	3af645f7-06f3-4b9e-9b02-aef8248886b2	DIFFICULT_TASK	7
EN_009_Harisarman_5837_6239	EN_009_Harisarman	5837	6239	eaca967c-2f6e-49c2-bd54-9a10407d12e7	SOLUTION	8
EN_009_Harisarman_6451_6692	EN_009_Harisarman	6451	6692	3c9cb032-e9c6-441b-904c-72a06e1f7d11	TRANSFIGURATION	9
EN_010_The_Talkative_Tortoise_183_394	EN_010_The_Talkative_Tortoise	183	394	1d3c973b-fa3d-4afc-91b5-2ec5772f025b	LACK	1
EN_010_The_Talkative_Tortoise_640_797	EN_010_The_Talkative_Tortoise	640	797	e9e73228-3a78-4fb5-a457-3c5a709fc644	MEDIATION	2
EN_010_The_Talkative_Tortoise_798_977	EN_010_The_Talkative_Tortoise	798	977	00efbdf1-5de7-4f2a-af05-126cd4c17504	INTERDICTION	3
EN_010_The_Talkative_Tortoise_951_1099	EN_010_The_Talkative_Tortoise	951	1099	e17bd659-5549-4e44-9496-add465a390d5	DEPARTURE	4
EN_010_The_Talkative_Tortoise_1100_1225	EN_010_The_Talkative_Tortoise	1100	1225	5b473dfa-e7a3-403a-a9f2-e8c3d6f30286	OTHER	5
EN_010_The_Talkative_Tortoise_1225_1638	EN_010_The_Talkative_Tortoise	1225	1638	a8dccdd5-3e4e-4a1d-b514-3e9d1a35d763	VIOLATION	6
EN_010_The_Talkative_Tortoise_1817_2583	EN_010_The_Talkative_Tortoise	1817	2583	a18f896b-9e17-4e21-b38f-e513a4b540ed	TRANSFIGURATION	7
EN_010_The_Talkative_Tortoise_2995_3068	EN_010_The_Talkative_Tortoise	2995	3068	cd9d5442-c0db-4f21-88fe-79967c489317	LIQUIDATION	8
EN_011_The_Gold_giving_Serpent_252_779	EN_011_The_Gold_giving_Serpent	252	779	8afcde0a-66f7-4903-a0db-19e294722a5f	Initial Situation	1
EN_011_The_Gold_giving_Serpent_829_1011	EN_011_The_Gold_giving_Serpent	829	1011	81a09ad1-16e3-489b-80c6-866b31112c62	RECEIPT_OF_AGENT	2
EN_011_The_Gold_giving_Serpent_1177_1346	EN_011_The_Gold_giving_Serpent	1177	1346	959273b7-4917-4525-93ef-1b8e2cf331ca	VILLAINY	3
EN_011_The_Gold_giving_Serpent_1348_1600	EN_011_The_Gold_giving_Serpent	1348	1600	93c820a5-9699-4e91-936f-9225bafd9a7c	PUNISHMENT	4
EN_011_The_Gold_giving_Serpent_1784_2165	EN_011_The_Gold_giving_Serpent	1784	2165	e5d664e6-b292-4261-89ec-c72d215e11de	RETURN	5
EN_011_The_Gold_giving_Serpent_2351_2547	EN_011_The_Gold_giving_Serpent	2351	2547	dac25c33-27e2-44b7-85e3-4a9a33e92675	DEPARTURE	6
EN_012_A_Lesson_for_Kings_314_905	EN_012_A_Lesson_for_Kings	314	905	90d227a1-af6c-49c9-b98e-fd66aa48955b	Initial Situation	1
EN_012_A_Lesson_for_Kings_1088_1674	EN_012_A_Lesson_for_Kings	1088	1674	2ebb3351-b269-4f5f-bdb8-586ab4853ceb	LACK	2
EN_012_A_Lesson_for_Kings_1796_1925	EN_012_A_Lesson_for_Kings	1796	1925	ca3234c7-11ce-4468-93cd-5385f5a4877c	DEPARTURE	3
EN_012_A_Lesson_for_Kings_2431_2569	EN_012_A_Lesson_for_Kings	2431	2569	ae128f11-07a6-4db1-829d-8576698f280e	STRUGGLE	4
EN_012_A_Lesson_for_Kings_3519_3936	EN_012_A_Lesson_for_Kings	3519	3936	003c8159-0fd5-4e86-a185-be55411a1118	OTHER	5
EN_012_A_Lesson_for_Kings_4063_4389	EN_012_A_Lesson_for_Kings	4063	4389	3422eba8-02e0-4fe3-9d3a-9bd1835db3b3	OTHER	6
EN_012_A_Lesson_for_Kings_4719_5020	EN_012_A_Lesson_for_Kings	4719	5020	84298742-6eaf-4482-a97b-07c6991da65a	OTHER	7
EN_012_A_Lesson_for_Kings_5022_5215	EN_012_A_Lesson_for_Kings	5022	5215	06cdf7f1-e8b8-4143-9453-8a4ec18d567b	VICTORY	8
EN_013_Pride_goeth_before_a_Fall_334_865	EN_013_Pride_goeth_before_a_Fall	334	865	3be47a19-f09f-454e-b389-b404cd2f7f99	VILLAINY	1
EN_013_Pride_goeth_before_a_Fall_984_1278	EN_013_Pride_goeth_before_a_Fall	984	1278	2410d891-d6e8-49a2-a3ab-4d252afe0efe	DIFFICULT_TASK	2
EN_013_Pride_goeth_before_a_Fall_1280_2001	EN_013_Pride_goeth_before_a_Fall	1280	2001	0fe9f506-1e9a-4806-8932-565e00298043	TRICKERY	3
EN_013_Pride_goeth_before_a_Fall_3343_3658	EN_013_Pride_goeth_before_a_Fall	3343	3658	bcbf5d78-875c-41f0-91d5-4a6c29b38002	STRUGGLE	4
EN_013_Pride_goeth_before_a_Fall_3658_3886	EN_013_Pride_goeth_before_a_Fall	3658	3886	e90f0438-b126-4f8f-887f-6dff1f890b4e	LIQUIDATION	5
EN_014_The_Ass_in_the_Lion's_Skin_272_539	EN_014_The_Ass_in_the_Lion's_Skin	272	539	f8a6d6b0-48c9-40ff-bbe3-2301243e524f	TRICKERY	1
EN_014_The_Ass_in_the_Lion's_Skin_804_941	EN_014_The_Ass_in_the_Lion's_Skin	804	941	1797a8f9-3f60-43e1-abe9-04a20eecba0b	STRUGGLE	2
EN_014_The_Ass_in_the_Lion's_Skin_942_1017	EN_014_The_Ass_in_the_Lion's_Skin	942	1017	f964e833-d35a-49f2-b1c6-5595f58afe30	EXPOSURE	3
EN_014_The_Ass_in_the_Lion's_Skin_1018_1225	EN_014_The_Ass_in_the_Lion's_Skin	1018	1225	1f9a626f-95f7-4b37-a1af-e58bc69b1f4a	RECOGNITION	4
EN_014_The_Ass_in_the_Lion's_Skin_1226_1362	EN_014_The_Ass_in_the_Lion's_Skin	1226	1362	f5f7da49-803c-4103-9b2b-e82c902804ec	PUNISHMENT	5
EN_014_The_Ass_in_the_Lion's_Skin_1363_1646	EN_014_The_Ass_in_the_Lion's_Skin	1363	1646	10028978-bfe9-49b2-a32f-fbb786ca5cb7	TRANSFIGURATION	6
EN_015_The_Farmer_and_the_Money_lender_0_373	EN_015_The_Farmer_and_the_Money_lender	0	373	8808ecc7-0380-4d52-b1f6-374f0dc05d63	LACK	1
EN_015_The_Farmer_and_the_Money_lender_373_588	EN_015_The_Farmer_and_the_Money_lender	373	588	70c2747d-b80f-419e-a926-b424ad4c3c98	DEPARTURE	2
EN_015_The_Farmer_and_the_Money_lender_856_1331	EN_015_The_Farmer_and_the_Money_lender	856	1331	cd2a576a-09a9-440e-90bd-53c4dfa128f6	FIRST_FUNCTION_DONOR	3
EN_015_The_Farmer_and_the_Money_lender_1331_1590	EN_015_The_Farmer_and_the_Money_lender	1331	1590	635c76ce-a029-4e1b-b2ca-786f8f96e452	RECEIPT_OF_AGENT	4
EN_015_The_Farmer_and_the_Money_lender_1903_2449	EN_015_The_Farmer_and_the_Money_lender	1903	2449	87c57c53-469c-4fa6-b25b-4b9243b1a25a	TRICKERY	5
EN_015_The_Farmer_and_the_Money_lender_2780_3487	EN_015_The_Farmer_and_the_Money_lender	2780	3487	68fba474-711a-47cf-9395-5c6eb447edca	STRUGGLE	6
EN_015_The_Farmer_and_the_Money_lender_4000_4092	EN_015_The_Farmer_and_the_Money_lender	4000	4092	f0f35fb7-01c1-4ea7-a372-904e1c5c7b2c	VICTORY	7
EN_015_The_Farmer_and_the_Money_lender_4094_4267	EN_015_The_Farmer_and_the_Money_lender	4094	4267	d16b94fa-f773-45b8-b71f-adaebaf1e00c	PUNISHMENT	8
EN_016_The_Prince_and_the_Fakir_759_1030	EN_016_The_Prince_and_the_Fakir	759	1030	3707d104-067b-41b8-a8ff-4c515f55f4bf	Initial Situation	1
EN_016_The_Prince_and_the_Fakir_759_1030	EN_016_The_Prince_and_the_Fakir	759	1030	d144cd87-c625-4e5d-aa58-25a566cf84cc	OTHER	2
EN_016_The_Prince_and_the_Fakir_2329_2714	EN_016_The_Prince_and_the_Fakir	2329	2714	fae1bdc3-649f-40f1-99e5-f327fb420c13	EXPOSURE	3
EN_016_The_Prince_and_the_Fakir_2760_2847	EN_016_The_Prince_and_the_Fakir	2760	2847	163fb878-2d70-4e89-afd4-e7a0eefeef56	ABSENTATION	4
EN_016_The_Prince_and_the_Fakir_3319_3419	EN_016_The_Prince_and_the_Fakir	3319	3419	391df973-dc78-445b-a8c1-f007e20a0369	STRUGGLE	5
EN_016_The_Prince_and_the_Fakir_3515_4057	EN_016_The_Prince_and_the_Fakir	3515	4057	e9edb04b-abd7-4156-9a61-0bd798818fe3	VICTORY	6
EN_016_The_Prince_and_the_Fakir_4290_5057	EN_016_The_Prince_and_the_Fakir	4290	5057	8075b5d3-2c8b-488e-8e9c-2eb6e82859c0	VICTORY	7
EN_016_The_Prince_and_the_Fakir_5270_6436	EN_016_The_Prince_and_the_Fakir	5270	6436	e895ff81-b451-4764-abf6-92692fec1c1f	WEDDING	8
EN_016_The_Prince_and_the_Fakir_7086_7553	EN_016_The_Prince_and_the_Fakir	7086	7553	398fe9cf-5b7d-4343-abad-46576fe7d1b5	DIFFICULT_TASK	9
EN_016_The_Prince_and_the_Fakir_7683_8021	EN_016_The_Prince_and_the_Fakir	7683	8021	3476d22b-ee70-4c4b-8530-fe88157133a5	TRANSFIGURATION	10
EN_017_How_Sun_Moon_and_Wind_went_out_to_Dinner_0_587	EN_017_How_Sun_Moon_and_Wind_went_out_to_Dinner	0	587	d898aea9-1328-41fe-90c4-568fc8a02604	Initial Situation	1
EN_017_How_Sun_Moon_and_Wind_went_out_to_Dinner_588_748	EN_017_How_Sun_Moon_and_Wind_went_out_to_Dinner	588	748	1ee83d98-83f5-48a1-a843-63edbe10866b	RETURN	2
EN_017_How_Sun_Moon_and_Wind_went_out_to_Dinner_749_969	EN_017_How_Sun_Moon_and_Wind_went_out_to_Dinner	749	969	ac82b9ed-703a-4902-85e7-75bb19861d7d	VIOLATION	3
EN_017_How_Sun_Moon_and_Wind_went_out_to_Dinner_1088_1243	EN_017_How_Sun_Moon_and_Wind_went_out_to_Dinner	1088	1243	163979f6-4f75-4abf-9062-917da9af0f7b	DELIVERY	4
EN_017_How_Sun_Moon_and_Wind_went_out_to_Dinner_1244_1595	EN_017_How_Sun_Moon_and_Wind_went_out_to_Dinner	1244	1595	be10ea1f-9050-4c77-8175-8c4f28c86f5d	PUNISHMENT	5
EN_017_How_Sun_Moon_and_Wind_went_out_to_Dinner_1645_1859	EN_017_How_Sun_Moon_and_Wind_went_out_to_Dinner	1645	1859	0a6f3fa5-fdc1-48a5-b790-e0f63db54d8d	PUNISHMENT	6
EN_017_How_Sun_Moon_and_Wind_went_out_to_Dinner_1990_2257	EN_017_How_Sun_Moon_and_Wind_went_out_to_Dinner	1990	2257	5a614ad7-c201-4f74-a98e-22052766211f	TRANSFIGURATION	7
EN_018_How_the_Wicked_Sons_were_Duped_0_666	EN_018_How_the_Wicked_Sons_were_Duped	0	666	43c49f55-fcbd-4f0c-ac00-3cfa42fde213	Initial Situation	1
EN_018_How_the_Wicked_Sons_were_Duped_862_1233	EN_018_How_the_Wicked_Sons_were_Duped	862	1233	05b1d3ae-be2f-4ba7-a8a1-daad5bcecaf1	RECEIPT_OF_AGENT	2
EN_018_How_the_Wicked_Sons_were_Duped_1460_1663	EN_018_How_the_Wicked_Sons_were_Duped	1460	1663	58865644-205b-4faa-9450-a28a362fb563	TRICKERY	3
EN_018_How_the_Wicked_Sons_were_Duped_1665_1745	EN_018_How_the_Wicked_Sons_were_Duped	1665	1745	a3900c6c-ba8e-494a-8e91-5a4f9e98d399	EXPOSURE	4
EN_019_The_Pigeon_and_the_Crow_155_348	EN_019_The_Pigeon_and_the_Crow	155	348	0c7b0ff9-c646-4971-a590-a278b7f35148	VILLAINY	1
EN_019_The_Pigeon_and_the_Crow_438_578	EN_019_The_Pigeon_and_the_Crow	438	578	3bc1c0e0-52c5-4188-8053-525dcb9e39d2	OTHER	2
EN_019_The_Pigeon_and_the_Crow_997_1084	EN_019_The_Pigeon_and_the_Crow	997	1084	26cc939b-c1cc-4c07-bba6-0fc73809e33d	UNRECOGNIZED_ARRIVAL	3
EN_019_The_Pigeon_and_the_Crow_1179_1411	EN_019_The_Pigeon_and_the_Crow	1179	1411	fbf47eae-2428-412d-b916-b31e7aa303e5	TRICKERY	4
EN_019_The_Pigeon_and_the_Crow_1412_1787	EN_019_The_Pigeon_and_the_Crow	1412	1787	279a47de-e637-42fe-81b8-aef5f2ffc564	INTERDICTION	5
EN_019_The_Pigeon_and_the_Crow_1889_2018	EN_019_The_Pigeon_and_the_Crow	1889	2018	a2bece66-3d01-4303-be10-ccff45f1ad2e	VIOLATION	6
EN_019_The_Pigeon_and_the_Crow_2020_2323	EN_019_The_Pigeon_and_the_Crow	2020	2323	d7078148-ed25-49d4-9a0d-49f697f12629	PUNISHMENT	7
EN_019_The_Pigeon_and_the_Crow_2423_3087	EN_019_The_Pigeon_and_the_Crow	2423	3087	06ef08c1-7332-41ac-a5b6-dfe7af50eb6e	EXPOSURE	8
EN_020_The_Demon_with_the_Matted_Hair_0_512	EN_020_The_Demon_with_the_Matted_Hair	0	512	57e5d317-faa3-4f89-be4c-199adec6b71b	Initial Situation	1
EN_020_The_Demon_with_the_Matted_Hair_1073_1277	EN_020_The_Demon_with_the_Matted_Hair	1073	1277	70bb1286-4f32-4ee4-abd5-2e611f1e686c	RECEIPT_OF_AGENT	2
EN_020_The_Demon_with_the_Matted_Hair_1278_1571	EN_020_The_Demon_with_the_Matted_Hair	1278	1571	70801d15-0292-4aac-89d6-517f5be36fe9	INTERDICTION	3
EN_020_The_Demon_with_the_Matted_Hair_1573_1666	EN_020_The_Demon_with_the_Matted_Hair	1573	1666	c49ffbdf-3692-4acb-91c4-516f96ad35a2	VIOLATION	4
EN_020_The_Demon_with_the_Matted_Hair_2192_2767	EN_020_The_Demon_with_the_Matted_Hair	2192	2767	3d86fb2c-b0b4-4210-b738-3f6abf8b5d40	STRUGGLE	5
EN_020_The_Demon_with_the_Matted_Hair_3073_3437	EN_020_The_Demon_with_the_Matted_Hair	3073	3437	deb64bcd-3be1-484d-9605-c171f7ab99ea	STRUGGLE	6
EN_020_The_Demon_with_the_Matted_Hair_3822_4184	EN_020_The_Demon_with_the_Matted_Hair	3822	4184	bc7440d2-d9da-4ea7-b9a0-56ec89ff8a73	TRICKERY	7
EN_020_The_Demon_with_the_Matted_Hair_4491_5714	EN_020_The_Demon_with_the_Matted_Hair	4491	5714	0cf2581c-48d8-4909-bc44-48fe5d3e4453	VICTORY	8
jp_001_111_176	jp_001	111	176	2f1cf27f-05b9-4e4d-a353-a89e8d953460	OTHER	1
jp_001_1007_1088	jp_001	1007	1088	4a2077ea-33d9-47e7-9746-37d528db151e	TRANSFIGURATION	2
jp_001_1740_1813	jp_001	1740	1813	67a4a2c7-0d78-46a8-a6f1-a8338d1e9c5f	BRANDING	3
jp_001_1874_2102	jp_001	1874	2102	3ad0017f-f239-4989-b018-3698833b2978	MEDIATION	4
jp_001_2251_2299	jp_001	2251	2299	bd4da365-fe01-4fb0-9423-28e20b7ab2a9	BEGINNING_COUNTERACTION	5
jp_001_2884_2939	jp_001	2884	2939	8e6d10f5-6871-4574-889a-e408b6ad9497	DEPARTURE	6
jp_001_3271_3311	jp_001	3271	3311	7a8eadab-53fe-4e8e-908b-409ebf7aebae	FIRST_FUNCTION_DONOR	7
jp_001_3588_3618	jp_001	3588	3618	856d84ac-c870-439a-9251-2f1f56241e46	FIRST_FUNCTION_DONOR	8
jp_001_3894_3932	jp_001	3894	3932	94816b6e-2bf5-4524-9be3-acaac1f08043	FIRST_FUNCTION_DONOR	9
jp_001_4582_4660	jp_001	4582	4660	f99a8f6e-7814-4e2c-a8f6-4cbde154f5c2	OTHER	10
jp_001_5385_5516	jp_001	5385	5516	3bc4de5c-2a9a-461f-8c56-6bab0e548325	STRUGGLE	11
jp_001_5832_5951	jp_001	5832	5951	9101b92c-d21b-4a30-a962-f92423980fdb	VICTORY	12
jp_001_6001_6132	jp_001	6001	6132	732597ae-fc6e-438c-9bcc-e3bdd40b1eab	LIQUIDATION	13
jp_001_6467_6538	jp_001	6467	6538	7e098052-5410-4081-8680-5271ac9a1a35	RETURN	14
jp_001_6572_6615	jp_001	6572	6615	81c8adca-0905-42f2-b596-fe7fed805c3f	OTHER	15
jp_002_212_759	jp_002	212	759	afb9eb75-914b-47c9-8cb5-a76a8599a588	RESCUE	1
jp_002_832_1311	jp_002	832	1311	dd3c87eb-76af-4dc5-b6f9-7e392e27c449	GUIDANCE	2
jp_002_1973_2240	jp_002	1973	2240	ac3a5515-3b07-4d48-857e-af5330c7e9f7	OTHER	3
jp_002_3741_3892	jp_002	3741	3892	9e08d3dd-f787-4b15-ab8d-d1bd7187c30f	INTERDICTION	4
jp_002_5586_5626	jp_002	5586	5626	cc52e33e-609e-4e8e-b0d0-3b6692ffc768	VIOLATION	5
jp_002_5626_5790	jp_002	5626	5790	073430b2-729a-42aa-83ef-5fcad96b5979	PUNISHMENT	6
jp_003_0_80	jp_003	0	80	568ca314-799b-4871-83e8-b04ce99224e8	Initial Situation	1
jp_003_213_310	jp_003	213	310	590846a7-efda-4584-b344-edd3b294ecdd	OTHER	2
jp_003_660_693	jp_003	660	693	2b86e21d-08a2-4cc8-b425-04b9ed3ef0be	RECONNAISSANCE	3
jp_003_706_746	jp_003	706	746	f5591854-6d29-4e43-830d-be4a260e0e6d	VILLAINY	4
jp_003_993_1093	jp_003	993	1093	0c083061-6081-487c-8734-0474aa8d766a	INTERDICTION	5
jp_003_1352_1407	jp_003	1352	1407	05a683db-c42d-4faf-870d-444b52a7aa1f	RECOGNITION	6
jp_003_1663_1731	jp_003	1663	1731	5a35a6b4-a909-4348-ad53-327849fcd6aa	UNRECOGNIZED_ARRIVAL	7
jp_003_2343_2363	jp_003	2343	2363	f4464e79-43ed-434d-b5ca-6b781775050c	WEDDING	8
jp_003_2442_2483	jp_003	2442	2483	8762bc21-9f44-4a80-b351-f875e0d5403b	OTHER	9
jp_003_2799_2897	jp_003	2799	2897	7778df91-4e62-47bc-8ecd-fff2498faee2	VIOLATION	10
jp_003_3092_3115	jp_003	3092	3115	48f953f3-5dc8-417f-a018-0d901f457021	EXPOSURE	11
jp_003_3264_3354	jp_003	3264	3354	b82683d9-5547-4352-b662-0907e0edb149	OTHER	12
jp_004_71_107	jp_004	71	107	74e605ca-4268-4480-b2b6-8881808ca5e7	VILLAINY	1
jp_004_124_154	jp_004	124	154	2fab2acf-f7ce-427e-9a27-29f3522785de	FIRST_FUNCTION_DONOR	2
jp_004_156_215	jp_004	156	215	8ae4f860-1386-4daf-9e4d-cfbd1abab073	DEPARTURE	3
jp_004_256_431	jp_004	256	431	65328f95-cc9a-489e-a2c3-3b53faff2413	UNRECOGNIZED_ARRIVAL	4
jp_004_377_431	jp_004	377	431	202fdacf-c4f4-4f22-b57a-829e268e299e	BEGINNING_COUNTERACTION	5
jp_004_1036_1067	jp_004	1036	1067	a7c9a0a9-5cdf-409f-8188-4ca42e784fc1	FIRST_FUNCTION_DONOR	6
jp_004_1101_1144	jp_004	1101	1144	14d8281f-972c-4745-bfd5-9d14ec6b66f1	INTERDICTION	7
jp_004_1302_1361	jp_004	1302	1361	f0f86deb-e99d-4c2f-8faf-edae01f09cbd	LIQUIDATION	8
jp_004_1384_1443	jp_004	1384	1443	7e7a0948-512a-4e5c-b0f7-536aec7f13ee	VIOLATION	9
jp_004_1470_1530	jp_004	1470	1530	46645a40-f98f-4e7b-919e-77084e802c10	EXPOSURE	10
jp_004_1632_1751	jp_004	1632	1751	31c4a0b2-7c7c-4d99-97c2-a7cacf716775	PUNISHMENT	11
jp_004_1785_1866	jp_004	1785	1866	4821875c-638e-493e-b857-14bb4e18b72c	DEPARTURE	12
jp_005_18_178	jp_005	18	178	ca34caee-b1a4-4690-b92c-18b54bd2a5fb	LACK	1
jp_005_211_319	jp_005	211	319	fe57eb27-8e22-44d4-9a92-ad9ef04537c1	FIRST_FUNCTION_DONOR	2
jp_005_240_667	jp_005	240	667	5b3105e0-2b69-4fa1-84a8-0b3864f4ec95	RECEIPT_OF_AGENT	3
jp_005_790_853	jp_005	790	853	dc7fc83a-4955-46cb-afb0-0e59105a95ef	GUIDANCE	4
jp_005_1360_1469	jp_005	1360	1469	1e759a67-5e48-47f3-84e6-a0be4452b3c5	RECONNAISSANCE	5
jp_005_2252_2339	jp_005	2252	2339	e89a8ea2-da94-4afe-92b7-bb5130136f22	DIFFICULT_TASK	6
jp_005_3089_3223	jp_005	3089	3223	ec9ae5e4-8400-4f59-a255-6ac056686dbe	TRICKERY	7
jp_005_3228_3299	jp_005	3228	3299	62f53edd-7939-4030-b2e1-6b77aa6d253d	EXPOSURE	8
jp_005_3440_3692	jp_005	3440	3692	4c11b211-5390-4caf-bd3e-7a483b84eeab	TRICKERY	9
jp_005_5178_5392	jp_005	5178	5392	c63c8141-3f65-48f3-9b3c-d78a4af80c45	PUNISHMENT	10
jp_005_6711_6937	jp_005	6711	6937	c3e8596c-c958-4fea-8f04-9a76061db85d	STRUGGLE	11
jp_005_9228_9989	jp_005	9228	9989	3b0af4b1-a3fa-4fb7-80f2-d1b386e98d9b	RETURN	12
jp_005_10200_10294	jp_005	10200	10294	a338dc9e-0532-47b4-91e2-cf1bc1c77900	PUNISHMENT	13
jp_006_60_159	jp_006	60	159	b38d5e6a-31c5-4b28-9884-0e1a93670e72	VILLAINY	1
jp_006_227_277	jp_006	227	277	03ba684b-4620-4a58-ab54-e593c2c974ae	BEGINNING_COUNTERACTION	2
jp_006_614_674	jp_006	614	674	3e217e60-ed41-41c3-aff7-f6af1cfc0f2b	TRICKERY	3
jp_006_956_1061	jp_006	956	1061	275be13a-787f-4888-a772-6166ee9b1a2e	VILLAINY	4
jp_006_1558_1586	jp_006	1558	1586	d4735a5a-52bd-44c6-ac8c-30379fa174c2	EXPOSURE	5
jp_006_1873_1931	jp_006	1873	1931	85c8d56b-93f8-40d1-8f55-9d13553eb9b2	MEDIATION	6
jp_006_2956_2998	jp_006	2956	2998	01fbf3b6-e98c-41e8-92b2-728c0d4385a7	PUNISHMENT	7
jp_006_4779_4929	jp_006	4779	4929	eabbb367-81bf-4cfb-b475-5a577e47ad38	PUNISHMENT	8
jp_007_266_440	jp_007	266	440	5ce2cb20-448e-47b9-a1ff-2bb99e7e056a	FIRST_FUNCTION_DONOR	1
jp_007_467_538	jp_007	467	538	bb913cbd-fdd4-483d-b373-ef3f97e85ce1	RECEIPT_OF_AGENT	2
jp_007_642_702	jp_007	642	702	4175e2cb-21f0-452e-a715-471ff2fd5e0a	TRICKERY	3
jp_007_1050_1135	jp_007	1050	1135	3a864774-e086-40ef-9b45-4a612dfa21ab	VILLAINY	4
jp_007_1481_1561	jp_007	1481	1561	91853f32-2d62-47cc-b08a-73b41cfb889a	RECEIPT_OF_AGENT	5
jp_007_1858_1914	jp_007	1858	1914	e7b34565-beb4-408d-a866-a1afb31bbba7	VIOLATION	6
jp_007_2069_2266	jp_007	2069	2266	f90b710f-7b83-45ce-90e8-238099f3aece	RECEIPT_OF_AGENT	7
jp_007_2661_2724	jp_007	2661	2724	f1ea29cc-639c-4ce2-8aef-138a003a7132	RECOGNITION	10
jp_007_2478_2542	jp_007	2478	2542	6ba3b2fe-3c2e-443a-b43e-7e7c00ffd6c3	DIFFICULT_TASK	8
jp_007_2542_2661	jp_007	2542	2661	5220e126-d62d-4dd8-89d6-baeffa052fc6	SOLUTION	9
jp_007_2726_2873	jp_007	2726	2873	7a83f57f-18c6-4d2f-98df-851dbe4595be	VILLAINY	11
jp_007_2937_3049	jp_007	2937	3049	a586687c-1fdf-4fa8-94a7-d26d289476bd	VIOLATION	12
jp_007_3064_3209	jp_007	3064	3209	5ce3bfc0-28f8-406e-b597-4395c57f574f	VILLAINY	13
jp_007_3209_3288	jp_007	3209	3288	45bbf77e-3392-4bf0-98dc-6a187bf6a248	PUNISHMENT	14
jp_008_37_92	jp_008	37	92	f4f8dbc3-6a45-4765-aa1a-7f5570ff428a	Initial Situation	1
jp_008_315_423	jp_008	315	423	db726690-5e44-42fe-81d3-d3c94e70cdf0	VILLAINY	2
jp_008_424_498	jp_008	424	498	5a957dc2-dc4d-406c-a157-7770e8593146	DEPARTURE	3
jp_008_620_668	jp_008	620	668	98c41ac8-6c99-4042-81b6-b933d359732e	MEDIATION	4
jp_008_858_935	jp_008	858	935	21704768-da1a-4b91-a086-6259d7ac710e	DEPARTURE	5
jp_008_1023_1058	jp_008	1023	1058	97161bb6-848a-4abc-9b95-1d8cce8191c5	GUIDANCE	6
jp_008_1960_2019	jp_008	1960	2019	77bf559e-81eb-47e7-aea4-d0ed433d61c9	RECEIPT_OF_AGENT	7
jp_008_2579_2635	jp_008	2579	2635	72893de8-17a7-4339-b974-4e3fffda7c1a	FIRST_FUNCTION_DONOR	8
jp_008_2956_2995	jp_008	2956	2995	c3acb49f-315e-483f-a668-9125eb1e0d61	TRICKERY	9
jp_008_4256_4450	jp_008	4256	4450	00dd948e-ff92-4959-b38b-3d79f3325c2e	PUNISHMENT	10
jp_008_4665_4731	jp_008	4665	4731	63f02c88-3c50-42cd-8acb-cd5e28539966	LIQUIDATION	11
jp_009_0_28	jp_009	0	28	448bd670-8174-4308-b69d-c59f022a3478	Initial Situation	2
jp_009_271_310	jp_009	271	310	c7786ac2-6994-4443-9e3b-7f63515e22a9	TRICKERY	3
jp_009_443_481	jp_009	443	481	985cfd21-5585-49d6-86f8-240d4be4ffe1	COMPLICITY	4
jp_009_1792_1899	jp_009	1792	1899	c4dde017-b35e-4f20-84d5-bbdf0ee6d34a	VILLAINY	5
jp_009_2116_2178	jp_009	2116	2178	ef314401-a2e5-472b-bd5d-9f63d69d995b	MEDIATION	6
jp_009_2246_2399	jp_009	2246	2399	7772078a-218d-4c80-919f-3019d933cdad	BEGINNING_COUNTERACTION	7
jp_009_2407_2457	jp_009	2407	2457	fe32e661-3086-4084-ab0f-d4e0cedb2f04	FIRST_FUNCTION_DONOR	8
jp_009_2994_3106	jp_009	2994	3106	b477b66f-cd5d-431c-bc79-61b49ae69450	DEPARTURE	9
jp_009_3170_3207	jp_009	3170	3207	de69b206-0761-49d6-956d-8e04fb94c10d	TRICKERY	10
jp_009_3514_3583	jp_009	3514	3583	1c155305-be61-46c4-a3d3-febe9c998775	STRUGGLE	11
jp_009_3634_3710	jp_009	3634	3710	42777d9d-f9ca-44c4-8643-d02692759af3	STRUGGLE	12
jp_009_3720_3804	jp_009	3720	3804	5bdb089d-fc85-4be2-851a-b0b87e38a3a5	STRUGGLE	13
jp_009_3804_3847	jp_009	3804	3847	6804a342-2e21-4199-b16e-c65c48933c7c	STRUGGLE	14
jp_009_3946_4012	jp_009	3946	4012	1c9b1b57-c861-4132-8524-2e05c73e12e3	PUNISHMENT	16
jp_010_3_94	jp_010	3	94	6108b1c0-55aa-4f84-a9f9-5820940e8eb6	Initial Situation	1
jp_010_202_238	jp_010	202	238	ad9f30f5-c380-4b23-b463-662c8f5a1151	LACK	2
jp_010_283_324	jp_010	283	324	6d081f03-1ecc-4922-b217-9af8898136a8	MEDIATION	3
jp_010_528_569	jp_010	528	569	06c8e671-a443-42b1-8265-d2b02ff14e4b	RECONNAISSANCE	4
jp_010_612_647	jp_010	612	647	2a159899-a873-4444-8e5a-88afc2c37698	DELIVERY	5
jp_010_831_853	jp_010	831	853	a799461f-1f03-405d-a1e5-7cf3715b2931	BEGINNING_COUNTERACTION	6
jp_010_1237_1298	jp_010	1237	1298	f155fda5-5fab-40a6-a241-5beff244c53e	FIRST_FUNCTION_DONOR	7
jp_010_1438_1455	jp_010	1438	1455	11f8afe4-4322-45c9-9380-e6fa644da998	DEPARTURE	8
jp_010_1527_1564	jp_010	1527	1564	04b73d2a-d51c-4769-aded-b886b43e525f	RECEIPT_OF_AGENT	9
jp_010_1659_1714	jp_010	1659	1714	54154bf6-b8f5-4a79-ae84-4dc3f66a7312	HERO_REACTION	10
jp_010_1874_1929	jp_010	1874	1929	5d06f7b9-37ff-4d3f-a5c4-cb7e8873aae7	TRICKERY	11
jp_010_2260_2309	jp_010	2260	2309	e4437f02-193d-40a8-b9b1-a48669a7779d	COMPLICITY	12
jp_010_2357_2386	jp_010	2357	2386	442ff450-3db2-46f0-a7b7-a456b7825401	OTHER	13
jp_010_2512_2562	jp_010	2512	2562	9a8d8b67-534b-496d-a324-b1fe2694c4e5	OTHER	14
jp_010_3246_3264	jp_010	3246	3264	f93535c7-848a-4bd2-95f6-6e7ad25da9b0	OTHER	15
jp_010_3498_3607	jp_010	3498	3607	ee6b5a3b-862e-435c-a68b-0d798308f3b7	OTHER	16
jp_010_3913_3964	jp_010	3913	3964	4b2c74a2-cf3f-4394-a72a-244466fab764	VILLAINY	17
jp_010_4796_4869	jp_010	4796	4869	0dd91127-dc23-4b93-9b8a-7b8a17d10373	OTHER	18
jp_010_5187_5218	jp_010	5187	5218	8fb476dd-f402-4c5a-a136-a34fc77bbe3e	MEDIATION	19
jp_010_5262_5300	jp_010	5262	5300	0f119fa0-3fb1-4f8c-98f4-ad3f3b9f83f5	SOLUTION	20
jp_010_5937_5958	jp_010	5937	5958	16d90165-38d4-4ae2-b37b-195f3fbc5b07	OTHER	21
jp_010_6285_6313	jp_010	6285	6313	30c826b2-3074-416b-8e95-89c3c5df86af	OTHER	22
jp_010_6884_6918	jp_010	6884	6918	6a356f95-303f-4d75-8f77-ac3da69188f9	LIQUIDATION	23
jp_010_6996_7039	jp_010	6996	7039	e7bc8abf-6944-4a41-99a7-6df668f25e76	WEDDING	24
jp_011_3_90	jp_011	3	90	f35495ee-0ff0-4ada-8f9f-68bfc5c8df73	Initial Situation	1
jp_011_92_213	jp_011	92	213	6f89f0c9-570d-435f-b44b-a20cea348953	Initial Situation	2
jp_011_353_472	jp_011	353	472	55f1462a-0490-4f9c-b8b7-2ec41e9205f8	VILLAINY	3
jp_011_500_588	jp_011	500	588	2e991ec0-0410-4322-80c9-273d02b67880	STRUGGLE	4
jp_011_588_637	jp_011	588	637	519168cd-ce78-411a-b5d5-9c8b2f322490	VICTORY	5
jp_011_686_769	jp_011	686	769	d24962a8-d652-4fe3-93af-a90a683483bd	UNFOUNDED_CLAIMS	6
jp_011_878_963	jp_011	878	963	8aa519c2-5563-4a9c-b6e8-73bc3612cbf1	GUIDANCE	7
jp_011_1118_1151	jp_011	1118	1151	06b5b558-ab3f-48fb-ad83-6be7a7b2740a	FIRST_FUNCTION_DONOR	8
jp_011_1572_1640	jp_011	1572	1640	099264f8-e0e7-4048-9179-e79cbf16365d	VICTORY	9
jp_011_2044_2111	jp_011	2044	2111	6a1bf5d9-dcb3-4000-867f-9d0f6e763375	LIQUIDATION	10
jp_011_2190_2330	jp_011	2190	2330	6e72eac4-956b-466d-b399-1327c3f4f8b9	LACK	11
jp_011_2471_2589	jp_011	2471	2589	27bd8f73-b183-4225-9e88-34bdd47f38b7	SOLUTION	12
jp_011_2695_2743	jp_011	2695	2743	4b53d0fa-1a2d-40a9-8e02-b28ebd3a7405	RECONNAISSANCE	13
jp_011_3208_3264	jp_011	3208	3264	bc35c2bd-62e0-4f89-9cea-7edafa041d40	FIRST_FUNCTION_DONOR	14
jp_011_3393_3486	jp_011	3393	3486	2325caaa-950f-45be-bcfd-3ce22c27da9b	HERO_REACTION	15
jp_011_3685_3755	jp_011	3685	3755	d9899310-6c4a-4505-875b-7d11e8ed251a	GUIDANCE	16
jp_011_4559_4615	jp_011	4559	4615	2016ba6f-6d79-4d09-869c-5d222175af6f	DEPARTURE	17
jp_011_4859_4935	jp_011	4859	4935	e2427929-f664-4450-902d-a6eec088d5a3	TRANSFIGURATION	18
jp_011_4939_4988	jp_011	4939	4988	507c3657-3450-4fd5-b2e9-b06ffc64052a	WEDDING	19
jp_011_5023_5084	jp_011	5023	5084	990930d6-15de-4be5-927e-66b2429202f5	RECOGNITION	20
jp_012_2_75	jp_012	2	75	6505b9b2-f3a7-433a-8299-601edd13ee97	Initial Situation	1
jp_012_77_128	jp_012	77	128	b7ca4ed3-2d72-4515-96de-cad1feb7f325	ABSENTATION	2
jp_012_299_334	jp_012	299	334	e226b87f-ea64-48bc-962d-66912c764307	INTERDICTION	3
jp_012_616_656	jp_012	616	656	97f1e17f-fd8f-4cc2-8ae5-e6ad0a9596b5	DEPARTURE	4
jp_012_714_749	jp_012	714	749	0bb8ef4b-a3fd-4837-ae65-77b2829fc322	LACK	5
jp_012_1320_1385	jp_012	1320	1385	8f45b0d1-7c6e-4ca2-b87c-0f3bba2cb2ec	RETURN	6
jp_012_1720_1774	jp_012	1720	1774	e9176c32-d7d0-4b06-be9e-be015e64d86f	LIQUIDATION	7
jp_012_1969_2006	jp_012	1969	2006	9be614c7-2e88-4bba-918c-5b3f717cd52e	RECEIPT_OF_AGENT	8
jp_012_2363_2411	jp_012	2363	2411	6f4fdf68-dedb-4638-a23b-857a551b6bd0	OTHER	9
jp_012_2874_2940	jp_012	2874	2940	2168dea8-5152-4b69-861d-a1ddb976ae5a	RECEIPT_OF_AGENT	11
jp_012_2961_2995	jp_012	2961	2995	514b6fc3-4982-489b-bb7f-25993c0b3e76	LACK	10
jp_012_3290_3348	jp_012	3290	3348	e0c1a68c-047e-4cfe-9eed-846727d2c8ca	UNFOUNDED_CLAIMS	12
jp_012_3435_3473	jp_012	3435	3473	1483e324-fad1-4377-b9a6-5f24a1012c14	WEDDING	13
jp_012_3850_3904	jp_012	3850	3904	0a666e01-f586-4136-9a7d-9f8b67e68ced	RECONNAISSANCE	14
jp_012_4644_4718	jp_012	4644	4718	0349d239-c02c-4e15-af19-99167d3ab0e5	EXPOSURE	15
jp_012_4975_5009	jp_012	4975	5009	1696f028-a5b5-403c-89e7-7969d45f84f1	LIQUIDATION	16
jp_012_5071_5123	jp_012	5071	5123	df1201cc-6522-4a0d-b7aa-bf87b5989850	RECOGNITION	17
jp_012_4644_4718	jp_012	4644	4718	fe2b9c6d-f49d-4692-ace4-f31c4be07741		19
jp_013_1_43	jp_013	1	43	a118cc3f-6dc1-479d-a27c-153d67e1d1a8	Initial Situation	1
jp_013_188_210	jp_013	188	210	5760b819-0d5b-4e66-a608-e15d8ac80458	DEPARTURE	2
jp_013_311_333	jp_013	311	333	70779b57-9d78-46ab-b5b8-bd590316ba02	FIRST_FUNCTION_DONOR	3
jp_013_406_437	jp_013	406	437	ea7ff5e5-3e3b-4dec-a483-286c9c825ffb	HERO_REACTION	4
jp_013_439_505	jp_013	439	505	c35bcfb8-b888-474e-8cc7-609a067ac57b	HERO_REACTION	5
jp_013_507_531	jp_013	507	531	a30dd765-0755-4ee3-8962-07aa382d1dba	RETURN	6
jp_013_574_598	jp_013	574	598	c9c5fa74-4a5b-4178-a305-e185fb29d978	OTHER	7
jp_013_687_897	jp_013	687	897	a35d51ed-fb75-41ac-9ba2-507a31864054	RECEIPT_OF_AGENT	8
jp_014_1_49	jp_014	1	49	7e4c60ab-a526-45bb-ab70-c4a43830cd49	Initial Situation	1
jp_014_71_186	jp_014	71	186	7ea1ebe9-e3e7-450b-8f54-f0e6c6b48bf1	BEGINNING_COUNTERACTION	2
jp_014_189_217	jp_014	189	217	75429e11-1e6d-47c2-b1d1-84744e7048ef	LIQUIDATION	3
jp_014_325_369	jp_014	325	369	09d8e4da-2977-41c6-8e56-cca99b7d1c47	OTHER	4
jp_014_659_766	jp_014	659	766	c198f40c-54e3-4a83-9b41-1213f1f9153b	VILLAINY	5
jp_014_821_886	jp_014	821	886	75fc335d-0d1c-49c8-8472-68f9b70052d6	BEGINNING_COUNTERACTION	6
jp_014_1303_1326	jp_014	1303	1326	b2e48d5a-7823-40f5-897f-0091e303934d	DEPARTURE	7
jp_014_2946_3008	jp_014	2946	3008	ae44b782-3a7a-4f5e-8bf0-7149d5c8a31e	FIRST_FUNCTION_DONOR	8
jp_014_4770_4840	jp_014	4770	4840	2312a7e2-58cd-4313-81d8-6d97f6125f50	VILLAINY	9
jp_014_4879_5070	jp_014	4879	5070	7516077f-a209-4e38-ae78-932f8e69c2c4	STRUGGLE	10
jp_014_5762_5868	jp_014	5762	5868	0dbc486f-b731-43ab-a05f-6b4c3eca1f99	VICTORY	11
jp_014_6155_6216	jp_014	6155	6216	86533a30-f3a6-474e-af01-2f43a0f4a584	RECEIPT_OF_AGENT	12
jp_014_6257_6413	jp_014	6257	6413	ff7a9752-9afc-4d73-a9a7-c6e0b179c44b	TRANSFIGURATION	13
jp_014_7277_7344	jp_014	7277	7344	4f9aa160-991c-4bdd-8c19-26badb0fb895	RECOGNITION	14
jp_014_7394_7416	jp_014	7394	7416	1a4dc965-70c0-4437-8640-f97c0420bce8	WEDDING	15
jp_015_0_53	jp_015	0	53	6f9d98eb-51b6-4d05-b5e3-7c1f9d86e5ab	Initial Situation	1
jp_015_121_166	jp_015	121	166	9d113541-f259-4cf7-b6fb-6187a1dbdbcf	LACK	2
jp_015_187_310	jp_015	187	310	9eaccfa5-d546-4f48-9b48-b623bc0eb641	RECONNAISSANCE	3
jp_015_322_468	jp_015	322	468	d0bb8778-dc97-4cf0-b7cb-e6106beb9a1a	RECONNAISSANCE	4
jp_015_637_704	jp_015	637	704	8dcf813a-16d6-4bba-b6b3-df623d66785e	DEPARTURE	5
jp_015_743_809	jp_015	743	809	e6ff6d06-a2eb-4322-ba1e-fc6728322996	FIRST_FUNCTION_DONOR	6
jp_015_957_1017	jp_015	957	1017	a772ef78-c194-49a7-b6e8-072dde17d1c9	RECEIPT_OF_AGENT	7
jp_015_1138_1188	jp_015	1138	1188	ebf51fef-5164-43e2-9e2e-2b92792c31a9	LIQUIDATION	8
jp_015_1214_1253	jp_015	1214	1253	6e235485-e35d-4d6b-8ec6-d98875538ff4	RETURN	9
jp_016_3_81	jp_016	3	81	de8ada85-267a-41c4-8eb1-05d55b5e00de	Initial Situation	1
jp_016_83_107	jp_016	83	107	7d405cfa-a74d-4ae0-ae2f-793f893b4d3c	DEPARTURE	2
jp_016_665_746	jp_016	665	746	023f2298-9875-4e93-b776-9cf80a8c4981	RECONNAISSANCE	3
jp_016_850_926	jp_016	850	926	790b4ce8-e362-4d67-9762-76fd202ff036	HERO_REACTION	4
jp_016_2587_2894	jp_016	2587	2894	8247e994-85ec-4c1f-90fa-32b019a4c8b9	STRUGGLE	5
jp_016_3023_3115	jp_016	3023	3115	a35a1cb7-216c-4462-9e35-c82df6280aea	VICTORY	6
jp_016_3636_3864	jp_016	3636	3864	c0e956f0-9b5f-4cdf-aa37-f589c49aa12e	TRICKERY	7
jp_016_3884_3937	jp_016	3884	3937	cac02a6a-4ba3-407d-b769-359f484df3a1	COMPLICITY	8
jp_016_3939_4001	jp_016	3939	4001	92309d54-bd7a-40a1-8b5c-b0b31d93d01c	LIQUIDATION	9
jp_016_4360_4427	jp_016	4360	4427	bdbc763d-f9e0-406f-9ff9-23e639aa8415	RECOGNITION	10
jp_016_4506_4561	jp_016	4506	4561	3705fbbc-5bbb-4556-a518-2569a082ecbd	Initial Situation	11
jp_016_4729_4933	jp_016	4729	4933	bf95c257-bb14-47cc-9c49-e87da1896d5a	OTHER	12
jp_016_4958_4985	jp_016	4958	4985	14040808-a4d2-42c9-877a-1d0a6304b14a	UNFOUNDED_CLAIMS	13
jp_016_5077_5108	jp_016	5077	5108	137ce04a-4a4b-4fe7-84f0-347c2fb50665	DEPARTURE	14
jp_016_5594_5654	jp_016	5594	5654	5cfbac27-baff-4b20-9c2a-5deac0a40222	STRUGGLE	15
jp_016_5787_5861	jp_016	5787	5861	ce298c14-7d66-4f39-9b02-34bae5e2cc62	PUNISHMENT	16
jp_017_0_27	jp_017	0	27	f97d8a08-3533-40ca-9dd9-a25e242b8f24	Initial Situation	1
jp_017_29_65	jp_017	29	65	5489ddda-2e08-4bc9-9854-93de6d3e4f8b	RECONNAISSANCE	2
jp_017_68_102	jp_017	68	102	7b7532a6-76de-49a2-81a4-5b005c1e52a5	LIQUIDATION	3
jp_017_104_135	jp_017	104	135	c96cc851-23ed-40bb-9373-5d8295ce3471	RETURN	4
jp_017_217_245	jp_017	217	245	ccf30cbd-9463-4dfb-9ac8-18e2f1664aef	TRICKERY	5
jp_017_322_367	jp_017	322	367	2df12173-572b-465a-b4ec-221808563bba	LIQUIDATION	6
jp_017_372_421	jp_017	372	421	aafad5a0-c565-47d7-a002-35d4584fcc0b	GUIDANCE	7
jp_017_461_531	jp_017	461	531	fdf583c5-6d23-4451-8f0b-2035a9cab5c2	EXPOSURE	8
jp_017_656_680	jp_017	656	680	227c00b8-f04d-44e9-9827-58274dfc35e6	DIFFICULT_TASK	9
jp_017_725_745	jp_017	725	745	0e161b6a-16ab-4653-9bb5-9e37dc537435	DEPARTURE	10
jp_017_747_814	jp_017	747	814	fe61fb43-674d-4547-a5ef-cb8d41a68b9c	TRICKERY	11
jp_017_850_985	jp_017	850	985	e6c1cfc5-4440-433d-865b-5e9fbc833f09	STRUGGLE	12
jp_017_987_1019	jp_017	987	1019	13b66752-7007-48bb-8330-9e7bab52a42a	LIQUIDATION	13
jp_018_1_34	jp_018	1	34	27697fd9-7daf-4af7-8df6-07e69136e41d	Initial Situation	1
jp_018_88_111	jp_018	88	111	6cf94414-b323-44a4-b17b-d9d9769de299	INTERDICTION	2
jp_018_145_204	jp_018	145	204	98f2e82d-b838-449c-bf8e-ebf5a40e5405	RECEIPT_OF_AGENT	3
jp_018_258_349	jp_018	258	349	6026adb7-fa0d-4197-9cc1-63224a75c876	VILLAINY	4
jp_018_351_375	jp_018	351	375	e0683688-9b5a-458c-9a82-f5eb160ae4ed	VILLAINY	5
jp_018_421_476	jp_018	421	476	0dc885dc-0ced-4a39-a5d1-ff7d396af6c2	TRICKERY	6
jp_018_525_556	jp_018	525	556	3de5fc51-d672-46db-8b0c-f1f3889211c0	COMPLICITY	7
jp_018_590_644	jp_018	590	644	6eec6cd4-418f-42f4-9327-00d7f5c829e8	HERO_REACTION	8
jp_018_852_882	jp_018	852	882	21d8db64-abf2-4c1b-80bb-db92e877e3aa	VILLAINY	10
jp_018_884_931	jp_018	884	931	ad6b8cf5-20bb-4aee-84cc-93b7a55a0d32	HERO_REACTION	11
jp_018_933_961	jp_018	933	961	2b705f4e-8fda-4c57-9da6-a6a2c6b85e53	BEGINNING_COUNTERACTION	12
jp_018_1005_1116	jp_018	1005	1116	90433e9f-4326-4087-bec2-76efc4260569	BEGINNING_COUNTERACTION	13
jp_018_1136_1193	jp_018	1136	1193	50aea03b-6295-4665-b6b2-6e59896f36a8	RESCUE	14
jp_018_1259_1306	jp_018	1259	1306	63f9e4b6-494c-4c57-a905-71c167ac9d22	TRICKERY	15
jp_018_1411_1443	jp_018	1411	1443	0055701d-34dc-4017-a2a0-487292f0d3fc	COMPLICITY	16
jp_018_1445_1487	jp_018	1445	1487	0af1510f-61e9-4b19-842a-92fba77f9907	VICTORY	17
jp_018_1529_1605	jp_018	1529	1605	d0382500-0544-47e7-8f45-23740d3b91db	TRANSFIGURATION	18
jp_019_0_45	jp_019	0	45	0aeb70fa-2e94-474f-8f38-971967e84812	Initial Situation	1
jp_019_74_156	jp_019	74	156	42bceb1d-e84b-44c3-bdbf-e93bfeac7a27	RECONNAISSANCE	2
jp_019_203_243	jp_019	203	243	dd079b18-e39b-4bce-bc7a-09b3b994aed5	LACK	3
jp_019_245_321	jp_019	245	321	3e6eb197-e034-469c-a96d-378f1267b8f5	MEDIATION	4
jp_019_326_393	jp_019	326	393	7f837a6e-c5d4-4b5f-bb51-340ac5c8643f	BEGINNING_COUNTERACTION	5
jp_019_395_445	jp_019	395	445	2e712fc8-0335-49ad-9b1a-372a76463a55	RECEIPT_OF_AGENT	6
jp_019_447_481	jp_019	447	481	360d5e76-af11-48d2-b060-b1ae546a809b	STRUGGLE	7
jp_019_485_522	jp_019	485	522	55595a2a-c896-4264-98d8-66029ac05675	VICTORY	8
jp_019_524_659	jp_019	524	659	a0882a78-2655-4df6-a183-4cbff7b3fc73	DELIVERY	9
jp_019_780_836	jp_019	780	836	25a0c774-874f-4715-a3ea-7bff8dc542ee	RECEIPT_OF_AGENT	10
jp_019_874_944	jp_019	874	944	0561cd1b-7d7c-4744-ad64-9b74f8b717ac	LIQUIDATION	11
jp_020_1_23	jp_020	1	23	b33b0418-874d-4c58-8786-4de5e9504d58	Initial Situation	1
jp_020_25_79	jp_020	25	79	d859938f-d881-4076-b86e-343993286552	FIRST_FUNCTION_DONOR	2
jp_020_80_131	jp_020	80	131	62583473-1355-4708-97d4-7cf26f3fe6d4	HERO_REACTION	3
jp_020_133_158	jp_020	133	158	c7f0e593-4e73-45ba-b120-693c41d90862	RECEIPT_OF_AGENT	4
jp_020_173_233	jp_020	173	233	7cfce8f3-1118-4c63-94a1-8312ec3c1ae8	GUIDANCE	5
jp_020_257_315	jp_020	257	315	6b3e0274-3e80-4f4c-9602-389518096d43	LIQUIDATION	6
jp_020_440_485	jp_020	440	485	99d07167-3332-4094-b9b6-58512d0c8f95	RECONNAISSANCE	7
jp_020_487_516	jp_020	487	516	1c1c3750-44f2-4463-9cee-6391ee77a989	VILLAINY	8
jp_020_638_697	jp_020	638	697	8a38ab87-ed97-4a76-aa96-6b8d7472eccc	VIOLATION	9
jp_020_777_809	jp_020	777	809	d201427c-c973-4366-9646-3dea9100f9a0	PUNISHMENT	10
